case_id,category,source_row_index,source_time,target_sensor,target_room,target_metric,target_value,paraphrase_of,omit_sensor,stale_hours
factual_001,factual_status,23460,2026-01-20 23:05:00,56_small_room_room_1_climate_sensor_humidity,sypialnia,wilgotność,24.6 %,,,
factual_002,factual_status,21373,2026-01-13 17:10:00,56_bathroom_window_1_contact_sensor_contact,łazienka,okno,otwarte,,,
factual_003,factual_status,22804,2026-01-18 16:25:00,56_large_room_window_1_contact_sensor_contact,salon,okno 1,otwarte,,,
factual_004,factual_status,16722,2025-12-28 13:35:00,56_small_room_window_1_contact_sensor_contact,sypialnia,okno,otwarte,,,
factual_005,factual_status,4557,2025-11-16 07:50:00,56_large_room_room_1_motion_sensor_occupancy,salon,ruch/obecność,wykryto ruch,,,
factual_006,factual_status,4570,2025-11-16 08:55:00,56_bathroom_room_1_motion_sensor_occupancy,łazienka,ruch/obecność,wykryto ruch,,,
factual_007,factual_status,23614,2026-01-21 11:55:00,56_small_room_room_1_climate_sensor_temperature,sypialnia,temperatura,11.7 °C,,,
factual_008,factual_status,7361,2025-11-26 01:30:00,56_hallway_iot-cabinet_1_climate_sensor_temperature,przedpokój,temperatura,29.8 °C,,,
factual_009,factual_status,19413,2026-01-06 21:50:00,56_bathroom_room_1_climate_sensor_temperature,łazienka,temperatura,19.6 °C,,,
factual_010,factual_status,18356,2026-01-03 05:45:00,56_large_room_window_2_contact_sensor_contact,salon,okno 2,otwarte,,,
factual_011,factual_status,4581,2025-11-16 09:50:00,56_small_room_room_1_motion_sensor_occupancy,sypialnia,ruch/obecność,wykryto ruch,,,
factual_012,factual_status,23102,2026-01-19 17:15:00,56_large_room_outlet_5_energy_meter_power,salon,gniazdko 5 moc,3.1 W,,,
factual_013,factual_status,8948,2025-12-01 13:45:00,56_large_room_room_1_climate_sensor_temperature,salon,temperatura (klimat),13.7 °C,,,
factual_014,factual_status,21955,2026-01-15 17:40:00,56_large_room_room_1_air_quality_sensor_temperature,salon,temperatura (czujnik powietrza),11.2 °C,,,
factual_015,factual_status,20726,2026-01-11 11:15:00,56_large_room_room_1_air_quality_sensor_humidity,salon,wilgotność (czujnik powietrza),37.2 %,,,
factual_016,factual_status,13299,2025-12-16 16:20:00,56_large_room_room_1_climate_sensor_humidity,salon,wilgotność (klimat),32.3 %,,,
factual_017,factual_status,20462,2026-01-10 13:15:00,56_bathroom_room_1_climate_sensor_humidity,łazienka,wilgotność,15.6 %,,,
factual_018,factual_status,8376,2025-11-29 14:05:00,56_hallway_room_1_motion_sensor_occupancy,przedpokój,ruch/obecność,brak ruchu,,,
factual_019,factual_status,10390,2025-12-06 13:55:00,56_large_room_outlet_3_energy_meter_power,salon,gniazdko 3 moc,355.3 W,,,
factual_020,factual_status,12509,2025-12-13 22:30:00,56_bathroom_boiler_1_energy_meter_power,łazienka,bojler moc,1376.2 W,,,
factual_021,factual_status,21602,2026-01-14 12:15:00,56_bathroom_heater_1_energy_meter_power,łazienka,grzejnik moc,330.8 W,,,
factual_022,factual_status,21057,2026-01-12 14:50:00,56_outside_door_1_contact_sensor_contact,wejście,drzwi,otwarte,,,
factual_023,factual_status,13891,2025-12-18 17:40:00,56_hallway_iot-cabinet_1_climate_sensor_humidity,przedpokój,wilgotność,24.4 %,,,
factual_024,factual_status,12950,2025-12-15 11:15:00,56_small_room_heater_1_energy_meter_power,sypialnia,grzejnik moc,433.6 W,,,
factual_025,factual_status,6030,2025-11-21 10:35:00,56_localization_lights_1_energy_meter_power,przedpokój,oświetlenie moc,40.5 W,,,
factual_026,factual_status,6410,2025-11-22 18:15:00,56_small_room_room_1_climate_sensor_humidity,sypialnia,wilgotność,51.8 %,,,
factual_027,factual_status,20769,2026-01-11 14:50:00,56_bathroom_window_1_contact_sensor_contact,łazienka,okno,otwarte,,,
factual_028,factual_status,13749,2025-12-18 05:50:00,56_large_room_window_1_contact_sensor_contact,salon,okno 1,otwarte,,,
factual_029,factual_status,2391,2025-11-08 19:20:00,56_small_room_window_1_contact_sensor_contact,sypialnia,okno,otwarte,,,
factual_030,factual_status,8091,2025-11-28 14:20:00,56_large_room_room_1_motion_sensor_occupancy,salon,ruch/obecność,brak ruchu,,,
factual_031,factual_status,20108,2026-01-09 07:45:00,56_bathroom_room_1_motion_sensor_occupancy,łazienka,ruch/obecność,brak ruchu,,,
factual_032,factual_status,17331,2025-12-30 16:20:00,56_small_room_room_1_climate_sensor_temperature,sypialnia,temperatura,12.6 °C,,,
factual_033,factual_status,6968,2025-11-24 16:45:00,56_hallway_iot-cabinet_1_climate_sensor_temperature,przedpokój,temperatura,17.9 °C,,,
factual_034,factual_status,16186,2025-12-26 16:55:00,56_bathroom_room_1_climate_sensor_temperature,łazienka,temperatura,22.2 °C,,,
factual_035,factual_status,20670,2026-01-11 06:35:00,56_large_room_window_2_contact_sensor_contact,salon,okno 2,otwarte,,,
factual_036,factual_status,21316,2026-01-13 12:25:00,56_small_room_room_1_motion_sensor_occupancy,sypialnia,ruch/obecność,brak ruchu,,,
factual_037,factual_status,21870,2026-01-15 10:35:00,56_large_room_outlet_5_energy_meter_power,salon,gniazdko 5 moc,3.1 W,,,
factual_038,factual_status,17101,2025-12-29 21:10:00,56_large_room_room_1_climate_sensor_temperature,salon,temperatura (klimat),12.5 °C,,,
factual_039,factual_status,8456,2025-11-29 20:45:00,56_large_room_room_1_air_quality_sensor_temperature,salon,temperatura (czujnik powietrza),12.6 °C,,,
factual_040,factual_status,14261,2025-12-20 00:30:00,56_large_room_room_1_air_quality_sensor_humidity,salon,wilgotność (czujnik powietrza),59.7 %,,,
factual_041,factual_status,20105,2026-01-09 07:30:00,56_large_room_room_1_climate_sensor_humidity,salon,wilgotność (klimat),28.2 %,,,
factual_042,factual_status,19492,2026-01-07 04:25:00,56_bathroom_room_1_climate_sensor_humidity,łazienka,wilgotność,18.6 %,,,
factual_043,factual_status,18941,2026-01-05 06:30:00,56_hallway_room_1_motion_sensor_occupancy,przedpokój,ruch/obecność,brak ruchu,,,
factual_044,factual_status,10423,2025-12-06 16:40:00,56_large_room_outlet_3_energy_meter_power,salon,gniazdko 3 moc,7.4 W,,,
factual_045,factual_status,13373,2025-12-16 22:30:00,56_bathroom_boiler_1_energy_meter_power,łazienka,bojler moc,1402.5 W,,,
factual_046,factual_status,23357,2026-01-20 14:30:00,56_bathroom_heater_1_energy_meter_power,łazienka,grzejnik moc,388.3 W,,,
factual_047,factual_status,10904,2025-12-08 08:45:00,56_outside_door_1_contact_sensor_contact,wejście,drzwi,otwarte,,,
factual_048,factual_status,6021,2025-11-21 09:50:00,56_hallway_iot-cabinet_1_climate_sensor_humidity,przedpokój,wilgotność,26.0 %,,,
factual_049,factual_status,10276,2025-12-06 04:25:00,56_small_room_heater_1_energy_meter_power,sypialnia,grzejnik moc,110.8 W,,,
factual_050,factual_status,6031,2025-11-21 10:40:00,56_localization_lights_1_energy_meter_power,przedpokój,oświetlenie moc,41.2 W,,,
factual_051,factual_status,6481,2025-11-23 00:10:00,56_small_room_room_1_climate_sensor_humidity,sypialnia,wilgotność,51.9 %,,,
factual_052,factual_status,6337,2025-11-22 12:10:00,56_bathroom_window_1_contact_sensor_contact,łazienka,okno,otwarte,,,
factual_053,factual_status,12771,2025-12-14 20:20:00,56_large_room_window_1_contact_sensor_contact,salon,okno 1,otwarte,,,
factual_054,factual_status,13281,2025-12-16 14:50:00,56_small_room_window_1_contact_sensor_contact,sypialnia,okno,otwarte,,,
factual_055,factual_status,21601,2026-01-14 12:10:00,56_large_room_room_1_motion_sensor_occupancy,salon,ruch/obecność,brak ruchu,,,
factual_056,factual_status,10647,2025-12-07 11:20:00,56_bathroom_room_1_motion_sensor_occupancy,łazienka,ruch/obecność,wykryto ruch,,,
factual_057,factual_status,19634,2026-01-07 16:15:00,56_small_room_room_1_climate_sensor_temperature,sypialnia,temperatura,14.6 °C,,,
factual_058,factual_status,14918,2025-12-22 07:15:00,56_hallway_iot-cabinet_1_climate_sensor_temperature,przedpokój,temperatura,18.4 °C,,,
factual_059,factual_status,6726,2025-11-23 20:35:00,56_bathroom_room_1_climate_sensor_temperature,łazienka,temperatura,6.4 °C,,,
factual_060,factual_status,20328,2026-01-10 02:05:00,56_large_room_window_2_contact_sensor_contact,salon,okno 2,otwarte,,,
factual_061,factual_status,14508,2025-12-20 21:05:00,56_small_room_room_1_motion_sensor_occupancy,sypialnia,ruch/obecność,brak ruchu,,,
factual_062,factual_status,23356,2026-01-20 14:25:00,56_large_room_outlet_5_energy_meter_power,salon,gniazdko 5 moc,2.0 W,,,
factual_063,factual_status,8028,2025-11-28 09:05:00,56_large_room_room_1_climate_sensor_temperature,salon,temperatura (klimat),14.1 °C,,,
factual_064,factual_status,9939,2025-12-05 00:20:00,56_large_room_room_1_air_quality_sensor_temperature,salon,temperatura (czujnik powietrza),12.8 °C,,,
factual_065,factual_status,11941,2025-12-11 23:10:00,56_large_room_room_1_air_quality_sensor_humidity,salon,wilgotność (czujnik powietrza),62.8 %,,,
factual_066,factual_status,9477,2025-12-03 09:50:00,56_large_room_room_1_climate_sensor_humidity,salon,wilgotność (klimat),51.0 %,,,
factual_067,factual_status,12293,2025-12-13 04:30:00,56_bathroom_room_1_climate_sensor_humidity,łazienka,wilgotność,40.7 %,,,
factual_068,factual_status,17615,2025-12-31 16:00:00,56_hallway_room_1_motion_sensor_occupancy,przedpokój,ruch/obecność,brak ruchu,,,
factual_069,factual_status,10419,2025-12-06 16:20:00,56_large_room_outlet_3_energy_meter_power,salon,gniazdko 3 moc,32.0 W,,,
factual_070,factual_status,12050,2025-12-12 08:15:00,56_bathroom_boiler_1_energy_meter_power,łazienka,bojler moc,1285.9 W,,,
factual_071,factual_status,15719,2025-12-25 02:00:00,56_bathroom_heater_1_energy_meter_power,łazienka,grzejnik moc,418.8 W,,,
factual_072,factual_status,12325,2025-12-13 07:10:00,56_outside_door_1_contact_sensor_contact,wejście,drzwi,otwarte,,,
factual_073,factual_status,9777,2025-12-04 10:50:00,56_hallway_iot-cabinet_1_climate_sensor_humidity,przedpokój,wilgotność,23.4 %,,,
factual_074,factual_status,12643,2025-12-14 09:40:00,56_small_room_heater_1_energy_meter_power,sypialnia,grzejnik moc,92.0 W,,,
factual_075,factual_status,6032,2025-11-21 10:45:00,56_localization_lights_1_energy_meter_power,przedpokój,oświetlenie moc,34.7 W,,,
factual_076,factual_status,24923,2026-01-26 01:00:00,56_small_room_room_1_climate_sensor_humidity,sypialnia,wilgotność,33.7 %,,,
factual_077,factual_status,24117,2026-01-23 05:50:00,56_bathroom_window_1_contact_sensor_contact,łazienka,okno,otwarte,,,
factual_078,factual_status,8849,2025-12-01 05:30:00,56_large_room_window_1_contact_sensor_contact,salon,okno 1,otwarte,,,
factual_079,factual_status,19162,2026-01-06 00:55:00,56_small_room_window_1_contact_sensor_contact,sypialnia,okno,otwarte,,,
factual_080,factual_status,11007,2025-12-08 17:20:00,56_large_room_room_1_motion_sensor_occupancy,salon,ruch/obecność,brak ruchu,,,
factual_081,factual_status,18931,2026-01-05 05:40:00,56_bathroom_room_1_motion_sensor_occupancy,łazienka,ruch/obecność,brak ruchu,,,
factual_082,factual_status,9072,2025-12-02 00:05:00,56_small_room_room_1_climate_sensor_temperature,sypialnia,temperatura,9.8 °C,,,
factual_083,factual_status,6442,2025-11-22 20:55:00,56_hallway_iot-cabinet_1_climate_sensor_temperature,przedpokój,temperatura,19.8 °C,,,
factual_084,factual_status,4414,2025-11-15 19:55:00,56_bathroom_room_1_climate_sensor_temperature,łazienka,temperatura,30.4 °C,,,
factual_085,factual_status,6430,2025-11-22 19:55:00,56_large_room_window_2_contact_sensor_contact,salon,okno 2,otwarte,,,
factual_086,factual_status,23160,2026-01-19 22:05:00,56_small_room_room_1_motion_sensor_occupancy,sypialnia,ruch/obecność,brak ruchu,,,
factual_087,factual_status,22160,2026-01-16 10:45:00,56_large_room_outlet_5_energy_meter_power,salon,gniazdko 5 moc,1.9 W,,,
factual_088,factual_status,12425,2025-12-13 15:30:00,56_large_room_room_1_climate_sensor_temperature,salon,temperatura (klimat),24.0 °C,,,
factual_089,factual_status,5863,2025-11-20 20:40:00,56_large_room_room_1_air_quality_sensor_temperature,salon,temperatura (czujnik powietrza),7.3 °C,,,
factual_090,factual_status,19036,2026-01-05 14:25:00,56_large_room_room_1_air_quality_sensor_humidity,salon,wilgotność (czujnik powietrza),40.9 %,,,
factual_091,factual_status,156,2025-11-01 01:05:00,56_large_room_room_1_climate_sensor_humidity,salon,wilgotność (klimat),46.0 %,,,
factual_092,factual_status,23359,2026-01-20 14:40:00,56_bathroom_room_1_climate_sensor_humidity,łazienka,wilgotność,15.7 %,,,
factual_093,factual_status,5970,2025-11-21 05:35:00,56_hallway_room_1_motion_sensor_occupancy,przedpokój,ruch/obecność,brak ruchu,,,
factual_094,factual_status,13402,2025-12-17 00:55:00,56_large_room_outlet_3_energy_meter_power,salon,gniazdko 3 moc,6.7 W,,,
factual_095,factual_status,10019,2025-12-05 07:00:00,56_bathroom_boiler_1_energy_meter_power,łazienka,bojler moc,1286.9 W,,,
factual_096,factual_status,18467,2026-01-03 15:00:00,56_bathroom_heater_1_energy_meter_power,łazienka,grzejnik moc,188.4 W,,,
factual_097,factual_status,14252,2025-12-19 23:45:00,56_outside_door_1_contact_sensor_contact,wejście,drzwi,otwarte,,,
factual_098,factual_status,18532,2026-01-03 20:25:00,56_hallway_iot-cabinet_1_climate_sensor_humidity,przedpokój,wilgotność,17.2 %,,,
factual_099,factual_status,10393,2025-12-06 14:10:00,56_small_room_heater_1_energy_meter_power,sypialnia,grzejnik moc,150.1 W,,,
factual_100,factual_status,17282,2025-12-30 12:15:00,56_localization_lights_1_energy_meter_power,przedpokój,oświetlenie moc,0.0 W,,,
factual_101,factual_status,18838,2026-01-04 21:55:00,56_small_room_room_1_climate_sensor_humidity,sypialnia,wilgotność,30.9 %,,,
factual_102,factual_status,22054,2026-01-16 01:55:00,56_bathroom_window_1_contact_sensor_contact,łazienka,okno,otwarte,,,
factual_103,factual_status,23056,2026-01-19 13:25:00,56_large_room_window_1_contact_sensor_contact,salon,okno 1,otwarte,,,
factual_104,factual_status,17575,2025-12-31 12:40:00,56_small_room_window_1_contact_sensor_contact,sypialnia,okno,otwarte,,,
factual_105,factual_status,6515,2025-11-23 03:00:00,56_large_room_room_1_motion_sensor_occupancy,salon,ruch/obecność,brak ruchu,,,
factual_106,factual_status,21594,2026-01-14 11:35:00,56_bathroom_room_1_motion_sensor_occupancy,łazienka,ruch/obecność,brak ruchu,,,
factual_107,factual_status,10801,2025-12-08 00:10:00,56_small_room_room_1_climate_sensor_temperature,sypialnia,temperatura,17.4 °C,,,
factual_108,factual_status,6006,2025-11-21 08:35:00,56_hallway_iot-cabinet_1_climate_sensor_temperature,przedpokój,temperatura,16.3 °C,,,
factual_109,factual_status,4070,2025-11-14 15:15:00,56_bathroom_room_1_climate_sensor_temperature,łazienka,temperatura,25.9 °C,,,
factual_110,factual_status,8875,2025-12-01 07:40:00,56_large_room_window_2_contact_sensor_contact,salon,okno 2,otwarte,,,
factual_111,factual_status,8460,2025-11-29 21:05:00,56_small_room_room_1_motion_sensor_occupancy,sypialnia,ruch/obecność,brak ruchu,,,
factual_112,factual_status,23044,2026-01-19 12:25:00,56_large_room_outlet_5_energy_meter_power,salon,gniazdko 5 moc,3.3 W,,,
factual_113,factual_status,19346,2026-01-06 16:15:00,56_large_room_room_1_climate_sensor_temperature,salon,temperatura (klimat),13.2 °C,,,
factual_114,factual_status,8758,2025-11-30 21:55:00,56_large_room_room_1_air_quality_sensor_temperature,salon,temperatura (czujnik powietrza),12.7 °C,,,
factual_115,factual_status,20256,2026-01-09 20:05:00,56_large_room_room_1_air_quality_sensor_humidity,salon,wilgotność (czujnik powietrza),33.3 %,,,
factual_116,factual_status,7766,2025-11-27 11:15:00,56_large_room_room_1_climate_sensor_humidity,salon,wilgotność (klimat),45.5 %,,,
factual_117,factual_status,21253,2026-01-13 07:10:00,56_bathroom_room_1_climate_sensor_humidity,łazienka,wilgotność,18.0 %,,,
factual_118,factual_status,24654,2026-01-25 02:35:00,56_hallway_room_1_motion_sensor_occupancy,przedpokój,ruch/obecność,brak ruchu,,,
factual_119,factual_status,13372,2025-12-16 22:25:00,56_large_room_outlet_3_energy_meter_power,salon,gniazdko 3 moc,4.1 W,,,
factual_120,factual_status,12219,2025-12-12 22:20:00,56_bathroom_boiler_1_energy_meter_power,łazienka,bojler moc,1372.1 W,,,
factual_121,factual_status,21313,2026-01-13 12:10:00,56_bathroom_heater_1_energy_meter_power,łazienka,grzejnik moc,288.0 W,,,
factual_122,factual_status,24057,2026-01-23 00:50:00,56_outside_door_1_contact_sensor_contact,wejście,drzwi,otwarte,,,
factual_123,factual_status,20571,2026-01-10 22:20:00,56_hallway_iot-cabinet_1_climate_sensor_humidity,przedpokój,wilgotność,13.1 %,,,
factual_124,factual_status,12947,2025-12-15 11:00:00,56_small_room_heater_1_energy_meter_power,sypialnia,grzejnik moc,427.4 W,,,
factual_125,factual_status,23878,2026-01-22 09:55:00,56_localization_lights_1_energy_meter_power,przedpokój,oświetlenie moc,0.0 W,,,
factual_126,factual_status,18631,2026-01-04 04:40:00,56_small_room_room_1_climate_sensor_humidity,sypialnia,wilgotność,33.1 %,,,
factual_127,factual_status,17621,2025-12-31 16:30:00,56_bathroom_window_1_contact_sensor_contact,łazienka,okno,otwarte,,,
factual_128,factual_status,12150,2025-12-12 16:35:00,56_large_room_window_1_contact_sensor_contact,salon,okno 1,otwarte,,,
factual_129,factual_status,18780,2026-01-04 17:05:00,56_small_room_window_1_contact_sensor_contact,sypialnia,okno,otwarte,,,
factual_130,factual_status,19147,2026-01-05 23:40:00,56_large_room_room_1_motion_sensor_occupancy,salon,ruch/obecność,brak ruchu,,,
factual_131,factual_status,10804,2025-12-08 00:25:00,56_bathroom_room_1_motion_sensor_occupancy,łazienka,ruch/obecność,brak ruchu,,,
factual_132,factual_status,19423,2026-01-06 22:40:00,56_small_room_room_1_climate_sensor_temperature,sypialnia,temperatura,13.2 °C,,,
factual_133,factual_status,16452,2025-12-27 15:05:00,56_hallway_iot-cabinet_1_climate_sensor_temperature,przedpokój,temperatura,26.6 °C,,,
factual_134,factual_status,22757,2026-01-18 12:30:00,56_bathroom_room_1_climate_sensor_temperature,łazienka,temperatura,23.0 °C,,,
factual_135,factual_status,17853,2026-01-01 11:50:00,56_large_room_window_2_contact_sensor_contact,salon,okno 2,otwarte,,,
factual_136,factual_status,8980,2025-12-01 16:25:00,56_small_room_room_1_motion_sensor_occupancy,sypialnia,ruch/obecność,brak ruchu,,,
factual_137,factual_status,13445,2025-12-17 04:30:00,56_large_room_outlet_5_energy_meter_power,salon,gniazdko 5 moc,3.1 W,,,
factual_138,factual_status,4122,2025-11-14 19:35:00,56_large_room_room_1_climate_sensor_temperature,salon,temperatura (klimat),28.3 °C,,,
factual_139,factual_status,8687,2025-11-30 16:00:00,56_large_room_room_1_air_quality_sensor_temperature,salon,temperatura (czujnik powietrza),12.0 °C,,,
factual_140,factual_status,10910,2025-12-08 09:15:00,56_large_room_room_1_air_quality_sensor_humidity,salon,wilgotność (czujnik powietrza),59.7 %,,,
factual_141,factual_status,16757,2025-12-28 16:30:00,56_large_room_room_1_climate_sensor_humidity,salon,wilgotność (klimat),42.1 %,,,
factual_142,factual_status,13813,2025-12-18 11:10:00,56_bathroom_room_1_climate_sensor_humidity,łazienka,wilgotność,46.6 %,,,
factual_143,factual_status,12390,2025-12-13 12:35:00,56_hallway_room_1_motion_sensor_occupancy,przedpokój,ruch/obecność,brak ruchu,,,
factual_144,factual_status,10889,2025-12-08 07:30:00,56_large_room_outlet_3_energy_meter_power,salon,gniazdko 3 moc,1.8 W,,,
factual_145,factual_status,10166,2025-12-05 19:15:00,56_bathroom_boiler_1_energy_meter_power,łazienka,bojler moc,640.3 W,,,
factual_146,factual_status,8275,2025-11-29 05:40:00,56_bathroom_heater_1_energy_meter_power,łazienka,grzejnik moc,196.1 W,,,
factual_147,factual_status,23695,2026-01-21 18:40:00,56_outside_door_1_contact_sensor_contact,wejście,drzwi,otwarte,,,
factual_148,factual_status,6563,2025-11-23 07:00:00,56_hallway_iot-cabinet_1_climate_sensor_humidity,przedpokój,wilgotność,23.4 %,,,
factual_149,factual_status,12331,2025-12-13 07:40:00,56_small_room_heater_1_energy_meter_power,sypialnia,grzejnik moc,162.9 W,,,
factual_150,factual_status,17281,2025-12-30 12:10:00,56_localization_lights_1_energy_meter_power,przedpokój,oświetlenie moc,0.0 W,,,
factual_151,factual_status,4231,2025-11-15 04:40:00,56_small_room_room_1_climate_sensor_humidity,sypialnia,wilgotność,68.7 %,,,
factual_152,factual_status,7651,2025-11-27 01:40:00,56_bathroom_window_1_contact_sensor_contact,łazienka,okno,otwarte,,,
factual_153,factual_status,25162,2026-01-26 20:55:00,56_large_room_window_1_contact_sensor_contact,salon,okno 1,otwarte,,,
factual_154,factual_status,13558,2025-12-17 13:55:00,56_small_room_window_1_contact_sensor_contact,sypialnia,okno,otwarte,,,
factual_155,factual_status,13468,2025-12-17 06:25:00,56_large_room_room_1_motion_sensor_occupancy,salon,ruch/obecność,wykryto ruch,,,
factual_156,factual_status,7203,2025-11-25 12:20:00,56_bathroom_room_1_motion_sensor_occupancy,łazienka,ruch/obecność,brak ruchu,,,
factual_157,factual_status,18959,2026-01-05 08:00:00,56_small_room_room_1_climate_sensor_temperature,sypialnia,temperatura,14.2 °C,,,
factual_158,factual_status,22463,2026-01-17 12:00:00,56_hallway_iot-cabinet_1_climate_sensor_temperature,przedpokój,temperatura,28.4 °C,,,
factual_159,factual_status,8131,2025-11-28 17:40:00,56_bathroom_room_1_climate_sensor_temperature,łazienka,temperatura,21.1 °C,,,
factual_160,factual_status,17561,2025-12-31 11:30:00,56_large_room_window_2_contact_sensor_contact,salon,okno 2,otwarte,,,
missing_013,missing_data,18742,2026-01-04 13:55:00,56_localization_lights_1_energy_meter_power,przedpokój,oświetlenie moc,,,56_localization_lights_1_energy_meter_power,
missing_060,missing_data,22688,2026-01-18 06:45:00,56_bathroom_room_1_motion_sensor_occupancy,łazienka,ruch/obecność,,,56_bathroom_room_1_motion_sensor_occupancy,
missing_020,missing_data,14301,2025-12-20 03:50:00,56_bathroom_window_1_contact_sensor_contact,łazienka,okno,,,56_bathroom_window_1_contact_sensor_contact,
missing_005,missing_data,12740,2025-12-14 17:45:00,56_hallway_room_1_motion_sensor_occupancy,przedpokój,ruch/obecność,,,56_hallway_room_1_motion_sensor_occupancy,
missing_066,missing_data,14201,2025-12-19 19:30:00,56_large_room_room_1_climate_sensor_humidity,salon,wilgotność (klimat),,,56_large_room_room_1_climate_sensor_humidity,
missing_042,missing_data,1900,2025-11-07 02:25:00,56_bathroom_heater_1_energy_meter_power,łazienka,grzejnik moc,,,56_bathroom_heater_1_energy_meter_power,
missing_069,missing_data,11628,2025-12-10 21:05:00,56_large_room_window_1_contact_sensor_contact,salon,okno 1,,,56_large_room_window_1_contact_sensor_contact,
missing_070,missing_data,9949,2025-12-05 01:10:00,56_bathroom_window_1_contact_sensor_contact,łazienka,okno,,,56_bathroom_window_1_contact_sensor_contact,
missing_068,missing_data,16634,2025-12-28 06:15:00,56_outside_door_1_contact_sensor_contact,wejście,drzwi,,,56_outside_door_1_contact_sensor_contact,
missing_080,missing_data,19659,2026-01-07 18:20:00,56_hallway_room_1_motion_sensor_occupancy,przedpokój,ruch/obecność,,,56_hallway_room_1_motion_sensor_occupancy,
missing_030,missing_data,16411,2025-12-27 11:40:00,56_hallway_room_1_motion_sensor_occupancy,przedpokój,ruch/obecność,,,56_hallway_room_1_motion_sensor_occupancy,
missing_057,missing_data,8099,2025-11-28 15:00:00,56_large_room_room_1_air_quality_sensor_temperature,salon,temperatura (czujnik powietrza),,,56_large_room_room_1_air_quality_sensor_temperature,
missing_037,missing_data,6944,2025-11-24 14:45:00,56_hallway_iot-cabinet_1_climate_sensor_humidity,przedpokój,wilgotność,,,56_hallway_iot-cabinet_1_climate_sensor_humidity,
missing_033,missing_data,16089,2025-12-26 08:50:00,56_large_room_room_1_air_quality_sensor_humidity,salon,wilgotność (czujnik powietrza),,,56_large_room_room_1_air_quality_sensor_humidity,
missing_007,missing_data,15096,2025-12-22 22:05:00,56_large_room_room_1_air_quality_sensor_temperature,salon,temperatura (czujnik powietrza),,,56_large_room_room_1_air_quality_sensor_temperature,
missing_061,missing_data,22421,2026-01-17 08:30:00,56_small_room_room_1_motion_sensor_occupancy,sypialnia,ruch/obecność,,,56_small_room_room_1_motion_sensor_occupancy,
missing_032,missing_data,8080,2025-11-28 13:25:00,56_large_room_room_1_air_quality_sensor_temperature,salon,temperatura (czujnik powietrza),,,56_large_room_room_1_air_quality_sensor_temperature,
missing_064,missing_data,11737,2025-12-11 06:10:00,56_hallway_iot-cabinet_1_climate_sensor_temperature,przedpokój,temperatura,,,56_hallway_iot-cabinet_1_climate_sensor_temperature,
missing_062,missing_data,23350,2026-01-20 13:55:00,56_hallway_iot-cabinet_1_climate_sensor_humidity,przedpokój,wilgotność,,,56_hallway_iot-cabinet_1_climate_sensor_humidity,
missing_017,missing_data,5044,2025-11-18 00:25:00,56_bathroom_heater_1_energy_meter_power,łazienka,grzejnik moc,,,56_bathroom_heater_1_energy_meter_power,
missing_015,missing_data,5786,2025-11-20 14:15:00,56_large_room_outlet_3_energy_meter_power,salon,gniazdko 3 moc,,,56_large_room_outlet_3_energy_meter_power,
missing_001,missing_data,23763,2026-01-22 00:20:00,56_small_room_room_1_climate_sensor_humidity,sypialnia,wilgotność,,,56_small_room_room_1_climate_sensor_humidity,
missing_050,missing_data,2307,2025-11-08 12:20:00,56_bathroom_boiler_1_energy_meter_power,łazienka,bojler moc,,,56_bathroom_boiler_1_energy_meter_power,
missing_075,missing_data,4098,2025-11-14 17:35:00,56_bathroom_boiler_1_energy_meter_power,łazienka,bojler moc,,,56_bathroom_boiler_1_energy_meter_power,
missing_058,missing_data,15579,2025-12-24 14:20:00,56_large_room_room_1_air_quality_sensor_humidity,salon,wilgotność (czujnik powietrza),,,56_large_room_room_1_air_quality_sensor_humidity,
missing_049,missing_data,292,2025-11-01 12:25:00,56_large_room_outlet_5_energy_meter_power,salon,gniazdko 5 moc,,,56_large_room_outlet_5_energy_meter_power,
missing_034,missing_data,10096,2025-12-05 13:25:00,56_large_room_room_1_motion_sensor_occupancy,salon,ruch/obecność,,,56_large_room_room_1_motion_sensor_occupancy,
missing_045,missing_data,10651,2025-12-07 11:40:00,56_bathroom_window_1_contact_sensor_contact,łazienka,okno,,,56_bathroom_window_1_contact_sensor_contact,
missing_026,missing_data,4100,2025-11-14 17:45:00,56_small_room_room_1_climate_sensor_humidity,sypialnia,wilgotność,,,56_small_room_room_1_climate_sensor_humidity,
missing_011,missing_data,23444,2026-01-20 21:45:00,56_small_room_room_1_motion_sensor_occupancy,sypialnia,ruch/obecność,,,56_small_room_room_1_motion_sensor_occupancy,
missing_016,missing_data,7079,2025-11-25 02:00:00,56_large_room_room_1_climate_sensor_humidity,salon,wilgotność (klimat),,,56_large_room_room_1_climate_sensor_humidity,
missing_043,missing_data,5178,2025-11-18 11:35:00,56_outside_door_1_contact_sensor_contact,wejście,drzwi,,,56_outside_door_1_contact_sensor_contact,
missing_010,missing_data,6249,2025-11-22 04:50:00,56_bathroom_room_1_motion_sensor_occupancy,łazienka,ruch/obecność,,,56_bathroom_room_1_motion_sensor_occupancy,
missing_077,missing_data,9125,2025-12-02 04:30:00,56_large_room_room_1_climate_sensor_temperature,salon,temperatura (klimat),,,56_large_room_room_1_climate_sensor_temperature,
missing_027,missing_data,21700,2026-01-14 20:25:00,56_large_room_room_1_climate_sensor_temperature,salon,temperatura (klimat),,,56_large_room_room_1_climate_sensor_temperature,
missing_036,missing_data,19480,2026-01-07 03:25:00,56_small_room_room_1_motion_sensor_occupancy,sypialnia,ruch/obecność,,,56_small_room_room_1_motion_sensor_occupancy,
missing_019,missing_data,10897,2025-12-08 08:10:00,56_large_room_window_1_contact_sensor_contact,salon,okno 1,,,56_large_room_window_1_contact_sensor_contact,
missing_003,missing_data,16276,2025-12-27 00:25:00,56_large_room_window_2_contact_sensor_contact,salon,okno 2,,,56_large_room_window_2_contact_sensor_contact,
missing_039,missing_data,14753,2025-12-21 17:30:00,56_hallway_iot-cabinet_1_climate_sensor_temperature,przedpokój,temperatura,,,56_hallway_iot-cabinet_1_climate_sensor_temperature,
missing_009,missing_data,24121,2026-01-23 06:10:00,56_large_room_room_1_motion_sensor_occupancy,salon,ruch/obecność,,,56_large_room_room_1_motion_sensor_occupancy,
missing_078,missing_data,13256,2025-12-16 12:45:00,56_large_room_window_2_contact_sensor_contact,salon,okno 2,,,56_large_room_window_2_contact_sensor_contact,
missing_031,missing_data,19297,2026-01-06 12:10:00,56_bathroom_room_1_climate_sensor_temperature,łazienka,temperatura,,,56_bathroom_room_1_climate_sensor_temperature,
missing_054,missing_data,20239,2026-01-09 18:40:00,56_small_room_room_1_climate_sensor_temperature,sypialnia,temperatura,,,56_small_room_room_1_climate_sensor_temperature,
missing_067,missing_data,4643,2025-11-16 15:00:00,56_bathroom_heater_1_energy_meter_power,łazienka,grzejnik moc,,,56_bathroom_heater_1_energy_meter_power,
missing_079,missing_data,20793,2026-01-11 16:50:00,56_small_room_room_1_climate_sensor_temperature,sypialnia,temperatura,,,56_small_room_room_1_climate_sensor_temperature,
missing_052,missing_data,12766,2025-12-14 19:55:00,56_large_room_room_1_climate_sensor_temperature,salon,temperatura (klimat),,,56_large_room_room_1_climate_sensor_temperature,
missing_044,missing_data,16229,2025-12-26 20:30:00,56_large_room_window_1_contact_sensor_contact,salon,okno 1,,,56_large_room_window_1_contact_sensor_contact,
missing_048,missing_data,4629,2025-11-16 13:50:00,56_small_room_heater_1_energy_meter_power,sypialnia,grzejnik moc,,,56_small_room_heater_1_energy_meter_power,
missing_008,missing_data,13735,2025-12-18 04:40:00,56_large_room_room_1_air_quality_sensor_humidity,salon,wilgotność (czujnik powietrza),,,56_large_room_room_1_air_quality_sensor_humidity,
missing_051,missing_data,13401,2025-12-17 00:50:00,56_small_room_room_1_climate_sensor_humidity,sypialnia,wilgotność,,,56_small_room_room_1_climate_sensor_humidity,
missing_022,missing_data,9376,2025-12-03 01:25:00,56_small_room_window_1_contact_sensor_contact,sypialnia,okno,,,56_small_room_window_1_contact_sensor_contact,
missing_028,missing_data,6864,2025-11-24 08:05:00,56_large_room_window_2_contact_sensor_contact,salon,okno 2,,,56_large_room_window_2_contact_sensor_contact,
missing_038,missing_data,8070,2025-11-28 12:35:00,56_localization_lights_1_energy_meter_power,przedpokój,oświetlenie moc,,,56_localization_lights_1_energy_meter_power,
missing_006,missing_data,18993,2026-01-05 10:50:00,56_bathroom_room_1_climate_sensor_temperature,łazienka,temperatura,,,56_bathroom_room_1_climate_sensor_temperature,
missing_063,missing_data,8324,2025-11-29 09:45:00,56_localization_lights_1_energy_meter_power,przedpokój,oświetlenie moc,,,56_localization_lights_1_energy_meter_power,
missing_035,missing_data,12633,2025-12-14 08:50:00,56_bathroom_room_1_motion_sensor_occupancy,łazienka,ruch/obecność,,,56_bathroom_room_1_motion_sensor_occupancy,
missing_029,missing_data,16651,2025-12-28 07:40:00,56_small_room_room_1_climate_sensor_temperature,sypialnia,temperatura,,,56_small_room_room_1_climate_sensor_temperature,
missing_004,missing_data,23549,2026-01-21 06:30:00,56_small_room_room_1_climate_sensor_temperature,sypialnia,temperatura,,,56_small_room_room_1_climate_sensor_temperature,
missing_056,missing_data,21681,2026-01-14 18:50:00,56_bathroom_room_1_climate_sensor_temperature,łazienka,temperatura,,,56_bathroom_room_1_climate_sensor_temperature,
missing_059,missing_data,5930,2025-11-21 02:15:00,56_large_room_room_1_motion_sensor_occupancy,salon,ruch/obecność,,,56_large_room_room_1_motion_sensor_occupancy,
missing_047,missing_data,22622,2026-01-18 01:15:00,56_small_room_window_1_contact_sensor_contact,sypialnia,okno,,,56_small_room_window_1_contact_sensor_contact,
missing_002,missing_data,24430,2026-01-24 07:55:00,56_large_room_room_1_climate_sensor_temperature,salon,temperatura (klimat),,,56_large_room_room_1_climate_sensor_temperature,
missing_073,missing_data,4306,2025-11-15 10:55:00,56_small_room_heater_1_energy_meter_power,sypialnia,grzejnik moc,,,56_small_room_heater_1_energy_meter_power,
missing_053,missing_data,7043,2025-11-24 23:00:00,56_large_room_window_2_contact_sensor_contact,salon,okno 2,,,56_large_room_window_2_contact_sensor_contact,
missing_024,missing_data,3983,2025-11-14 08:00:00,56_large_room_outlet_5_energy_meter_power,salon,gniazdko 5 moc,,,56_large_room_outlet_5_energy_meter_power,
missing_018,missing_data,9852,2025-12-04 17:05:00,56_outside_door_1_contact_sensor_contact,wejście,drzwi,,,56_outside_door_1_contact_sensor_contact,
missing_065,missing_data,2031,2025-11-07 13:20:00,56_large_room_outlet_3_energy_meter_power,salon,gniazdko 3 moc,,,56_large_room_outlet_3_energy_meter_power,
missing_071,missing_data,11323,2025-12-09 19:40:00,56_bathroom_room_1_climate_sensor_humidity,łazienka,wilgotność,,,56_bathroom_room_1_climate_sensor_humidity,
missing_021,missing_data,18789,2026-01-04 17:50:00,56_bathroom_room_1_climate_sensor_humidity,łazienka,wilgotność,,,56_bathroom_room_1_climate_sensor_humidity,
missing_041,missing_data,9896,2025-12-04 20:45:00,56_large_room_room_1_climate_sensor_humidity,salon,wilgotność (klimat),,,56_large_room_room_1_climate_sensor_humidity,
missing_012,missing_data,18749,2026-01-04 14:30:00,56_hallway_iot-cabinet_1_climate_sensor_humidity,przedpokój,wilgotność,,,56_hallway_iot-cabinet_1_climate_sensor_humidity,
missing_055,missing_data,20730,2026-01-11 11:35:00,56_hallway_room_1_motion_sensor_occupancy,przedpokój,ruch/obecność,,,56_hallway_room_1_motion_sensor_occupancy,
missing_014,missing_data,19181,2026-01-06 02:30:00,56_hallway_iot-cabinet_1_climate_sensor_temperature,przedpokój,temperatura,,,56_hallway_iot-cabinet_1_climate_sensor_temperature,
missing_072,missing_data,17874,2026-01-01 13:35:00,56_small_room_window_1_contact_sensor_contact,sypialnia,okno,,,56_small_room_window_1_contact_sensor_contact,
missing_074,missing_data,5098,2025-11-18 04:55:00,56_large_room_outlet_5_energy_meter_power,salon,gniazdko 5 moc,,,56_large_room_outlet_5_energy_meter_power,
missing_023,missing_data,4229,2025-11-15 04:30:00,56_small_room_heater_1_energy_meter_power,sypialnia,grzejnik moc,,,56_small_room_heater_1_energy_meter_power,
missing_076,missing_data,14171,2025-12-19 17:00:00,56_small_room_room_1_climate_sensor_humidity,sypialnia,wilgotność,,,56_small_room_room_1_climate_sensor_humidity,
missing_040,missing_data,2417,2025-11-08 21:30:00,56_large_room_outlet_3_energy_meter_power,salon,gniazdko 3 moc,,,56_large_room_outlet_3_energy_meter_power,
missing_046,missing_data,24320,2026-01-23 22:45:00,56_bathroom_room_1_climate_sensor_humidity,łazienka,wilgotność,,,56_bathroom_room_1_climate_sensor_humidity,
missing_025,missing_data,2359,2025-11-08 16:40:00,56_bathroom_boiler_1_energy_meter_power,łazienka,bojler moc,,,56_bathroom_boiler_1_energy_meter_power,
conflict_001,conflicting_data,18963,2026-01-05 08:20:00,56_large_room_room_1_air_quality_sensor_temperature|56_large_room_room_1_climate_sensor_temperature,salon,temperatura,czujnik powietrza: 11.9 °C; klimat: 13.1 °C,,,
conflict_002,conflicting_data,22817,2026-01-18 17:30:00,56_large_room_room_1_air_quality_sensor_temperature|56_large_room_room_1_climate_sensor_temperature,salon,temperatura,czujnik powietrza: 11.7 °C; klimat: 15.0 °C,,,
conflict_003,conflicting_data,15914,2025-12-25 18:15:00,56_large_room_room_1_air_quality_sensor_temperature|56_large_room_room_1_climate_sensor_temperature,salon,temperatura,czujnik powietrza: 10.9 °C; klimat: 12.2 °C,,,
conflict_004,conflicting_data,24313,2026-01-23 22:10:00,56_large_room_room_1_air_quality_sensor_temperature|56_large_room_room_1_climate_sensor_temperature,salon,temperatura,czujnik powietrza: 11.9 °C; klimat: 13.5 °C,,,
conflict_005,conflicting_data,16313,2025-12-27 03:30:00,56_large_room_room_1_air_quality_sensor_temperature|56_large_room_room_1_climate_sensor_temperature,salon,temperatura,czujnik powietrza: 11.7 °C; klimat: 12.8 °C,,,
conflict_006,conflicting_data,20879,2026-01-12 00:00:00,56_large_room_room_1_air_quality_sensor_temperature|56_large_room_room_1_climate_sensor_temperature,salon,temperatura,czujnik powietrza: 12.2 °C; klimat: 13.4 °C,,,
conflict_007,conflicting_data,20583,2026-01-10 23:20:00,56_large_room_room_1_air_quality_sensor_temperature|56_large_room_room_1_climate_sensor_temperature,salon,temperatura,czujnik powietrza: 11.2 °C; klimat: 12.6 °C,,,
conflict_008,conflicting_data,20474,2026-01-10 14:15:00,56_large_room_room_1_air_quality_sensor_temperature|56_large_room_room_1_climate_sensor_temperature,salon,temperatura,czujnik powietrza: 10.7 °C; klimat: 12.0 °C,,,
conflict_009,conflicting_data,23763,2026-01-22 00:20:00,56_large_room_room_1_air_quality_sensor_temperature|56_large_room_room_1_climate_sensor_temperature,salon,temperatura,czujnik powietrza: 10.9 °C; klimat: 12.6 °C,,,
conflict_010,conflicting_data,16151,2025-12-26 14:00:00,56_large_room_room_1_air_quality_sensor_temperature|56_large_room_room_1_climate_sensor_temperature,salon,temperatura,czujnik powietrza: 12.3 °C; klimat: 13.6 °C,,,
conflict_011,conflicting_data,21345,2026-01-13 14:50:00,56_large_room_room_1_air_quality_sensor_temperature|56_large_room_room_1_climate_sensor_temperature,salon,temperatura,czujnik powietrza: 12.3 °C; klimat: 13.4 °C,,,
conflict_012,conflicting_data,6041,2025-11-21 11:30:00,56_large_room_room_1_air_quality_sensor_temperature|56_large_room_room_1_climate_sensor_temperature,salon,temperatura,czujnik powietrza: 17.9 °C; klimat: 16.9 °C,,,
conflict_013,conflicting_data,20382,2026-01-10 06:35:00,56_large_room_room_1_air_quality_sensor_temperature|56_large_room_room_1_climate_sensor_temperature,salon,temperatura,czujnik powietrza: 10.8 °C; klimat: 12.1 °C,,,
conflict_014,conflicting_data,24631,2026-01-25 00:40:00,56_large_room_room_1_air_quality_sensor_temperature|56_large_room_room_1_climate_sensor_temperature,salon,temperatura,czujnik powietrza: 11.9 °C; klimat: 13.3 °C,,,
conflict_015,conflicting_data,20506,2026-01-10 16:55:00,56_large_room_room_1_air_quality_sensor_temperature|56_large_room_room_1_climate_sensor_temperature,salon,temperatura,czujnik powietrza: 10.7 °C; klimat: 12.0 °C,,,
conflict_016,conflicting_data,21747,2026-01-15 00:20:00,56_large_room_room_1_air_quality_sensor_temperature|56_large_room_room_1_climate_sensor_temperature,salon,temperatura,czujnik powietrza: 12.0 °C; klimat: 13.1 °C,,,
conflict_017,conflicting_data,18928,2026-01-05 05:25:00,56_large_room_room_1_air_quality_sensor_temperature|56_large_room_room_1_climate_sensor_temperature,salon,temperatura,czujnik powietrza: 11.8 °C; klimat: 12.9 °C,,,
conflict_018,conflicting_data,22111,2026-01-16 06:40:00,56_large_room_room_1_air_quality_sensor_temperature|56_large_room_room_1_climate_sensor_temperature,salon,temperatura,czujnik powietrza: 11.8 °C; klimat: 13.3 °C,,,
conflict_019,conflicting_data,17791,2026-01-01 06:40:00,56_large_room_room_1_air_quality_sensor_temperature|56_large_room_room_1_climate_sensor_temperature,salon,temperatura,czujnik powietrza: 11.8 °C; klimat: 12.9 °C,,,
conflict_020,conflicting_data,23593,2026-01-21 10:10:00,56_large_room_room_1_air_quality_sensor_temperature|56_large_room_room_1_climate_sensor_temperature,salon,temperatura,czujnik powietrza: 10.3 °C; klimat: 11.9 °C,,,
conflict_021,conflicting_data,19718,2026-01-07 23:15:00,56_large_room_room_1_air_quality_sensor_temperature|56_large_room_room_1_climate_sensor_temperature,salon,temperatura,czujnik powietrza: 12.0 °C; klimat: 13.3 °C,,,
conflict_022,conflicting_data,12050,2025-12-12 08:15:00,56_large_room_room_1_air_quality_sensor_temperature|56_large_room_room_1_climate_sensor_temperature,salon,temperatura,czujnik powietrza: 18.7 °C; klimat: 17.6 °C,,,
conflict_023,conflicting_data,23797,2026-01-22 03:10:00,56_large_room_room_1_air_quality_sensor_temperature|56_large_room_room_1_climate_sensor_temperature,salon,temperatura,czujnik powietrza: 10.6 °C; klimat: 12.3 °C,,,
conflict_024,conflicting_data,17424,2025-12-31 00:05:00,56_large_room_room_1_air_quality_sensor_temperature|56_large_room_room_1_climate_sensor_temperature,salon,temperatura,czujnik powietrza: 11.7 °C; klimat: 12.8 °C,,,
conflict_025,conflicting_data,15655,2025-12-24 20:40:00,56_large_room_room_1_air_quality_sensor_temperature|56_large_room_room_1_climate_sensor_temperature,salon,temperatura,czujnik powietrza: 9.7 °C; klimat: 10.9 °C,,,
conflict_026,conflicting_data,21581,2026-01-14 10:30:00,56_large_room_room_1_air_quality_sensor_temperature|56_large_room_room_1_climate_sensor_temperature,salon,temperatura,czujnik powietrza: 12.1 °C; klimat: 13.4 °C,,,
conflict_027,conflicting_data,23463,2026-01-20 23:20:00,56_large_room_room_1_air_quality_sensor_temperature|56_large_room_room_1_climate_sensor_temperature,salon,temperatura,czujnik powietrza: 10.7 °C; klimat: 12.4 °C,,,
conflict_028,conflicting_data,23262,2026-01-20 06:35:00,56_large_room_room_1_air_quality_sensor_temperature|56_large_room_room_1_climate_sensor_temperature,salon,temperatura,czujnik powietrza: 10.0 °C; klimat: 11.8 °C,,,
conflict_029,conflicting_data,17819,2026-01-01 09:00:00,56_large_room_room_1_air_quality_sensor_temperature|56_large_room_room_1_climate_sensor_temperature,salon,temperatura,czujnik powietrza: 11.8 °C; klimat: 12.8 °C,,,
conflict_030,conflicting_data,19987,2026-01-08 21:40:00,56_large_room_room_1_air_quality_sensor_temperature|56_large_room_room_1_climate_sensor_temperature,salon,temperatura,czujnik powietrza: 12.1 °C; klimat: 13.4 °C,,,
conflict_031,conflicting_data,16037,2025-12-26 04:30:00,56_large_room_room_1_air_quality_sensor_temperature|56_large_room_room_1_climate_sensor_temperature,salon,temperatura,czujnik powietrza: 11.4 °C; klimat: 12.8 °C,,,
conflict_032,conflicting_data,19167,2026-01-06 01:20:00,56_large_room_room_1_air_quality_sensor_temperature|56_large_room_room_1_climate_sensor_temperature,salon,temperatura,czujnik powietrza: 12.1 °C; klimat: 13.2 °C,,,
conflict_033,conflicting_data,20866,2026-01-11 22:55:00,56_large_room_room_1_air_quality_sensor_temperature|56_large_room_room_1_climate_sensor_temperature,salon,temperatura,czujnik powietrza: 12.3 °C; klimat: 13.4 °C,,,
conflict_034,conflicting_data,21189,2026-01-13 01:50:00,56_large_room_room_1_air_quality_sensor_temperature|56_large_room_room_1_climate_sensor_temperature,salon,temperatura,czujnik powietrza: 12.1 °C; klimat: 13.2 °C,,,
conflict_035,conflicting_data,21724,2026-01-14 22:25:00,56_large_room_room_1_air_quality_sensor_temperature|56_large_room_room_1_climate_sensor_temperature,salon,temperatura,czujnik powietrza: 12.1 °C; klimat: 13.3 °C,,,
conflict_036,conflicting_data,21663,2026-01-14 17:20:00,56_large_room_room_1_air_quality_sensor_temperature|56_large_room_room_1_climate_sensor_temperature,salon,temperatura,czujnik powietrza: 12.3 °C; klimat: 13.5 °C,,,
conflict_037,conflicting_data,12085,2025-12-12 11:10:00,56_large_room_room_1_air_quality_sensor_temperature|56_large_room_room_1_climate_sensor_temperature,salon,temperatura,czujnik powietrza: 27.2 °C; klimat: 26.0 °C,,,
conflict_038,conflicting_data,20184,2026-01-09 14:05:00,56_large_room_room_1_air_quality_sensor_temperature|56_large_room_room_1_climate_sensor_temperature,salon,temperatura,czujnik powietrza: 12.0 °C; klimat: 13.3 °C,,,
conflict_039,conflicting_data,20200,2026-01-09 15:25:00,56_large_room_room_1_air_quality_sensor_temperature|56_large_room_room_1_climate_sensor_temperature,salon,temperatura,czujnik powietrza: 12.0 °C; klimat: 13.3 °C,,,
conflict_040,conflicting_data,23152,2026-01-19 21:25:00,56_large_room_room_1_air_quality_sensor_temperature|56_large_room_room_1_climate_sensor_temperature,salon,temperatura,czujnik powietrza: 10.9 °C; klimat: 12.7 °C,,,
conflict_041,conflicting_data,24248,2026-01-23 16:45:00,56_large_room_room_1_air_quality_sensor_temperature|56_large_room_room_1_climate_sensor_temperature,salon,temperatura,czujnik powietrza: 11.6 °C; klimat: 13.1 °C,,,
conflict_042,conflicting_data,21987,2026-01-15 20:20:00,56_large_room_room_1_air_quality_sensor_temperature|56_large_room_room_1_climate_sensor_temperature,salon,temperatura,czujnik powietrza: 11.7 °C; klimat: 12.8 °C,,,
conflict_043,conflicting_data,23822,2026-01-22 05:15:00,56_large_room_room_1_air_quality_sensor_temperature|56_large_room_room_1_climate_sensor_temperature,salon,temperatura,czujnik powietrza: 10.4 °C; klimat: 12.1 °C,,,
conflict_044,conflicting_data,7234,2025-11-25 14:55:00,56_large_room_room_1_air_quality_sensor_temperature|56_large_room_room_1_climate_sensor_temperature,salon,temperatura,czujnik powietrza: 5.9 °C; klimat: 7.0 °C,,,
conflict_045,conflicting_data,10054,2025-12-05 09:55:00,56_large_room_room_1_air_quality_sensor_temperature|56_large_room_room_1_climate_sensor_temperature,salon,temperatura,czujnik powietrza: 25.3 °C; klimat: 24.1 °C,,,
conflict_046,conflicting_data,20703,2026-01-11 09:20:00,56_large_room_room_1_air_quality_sensor_temperature|56_large_room_room_1_climate_sensor_temperature,salon,temperatura,czujnik powietrza: 12.0 °C; klimat: 13.4 °C,,,
conflict_047,conflicting_data,23834,2026-01-22 06:15:00,56_large_room_room_1_air_quality_sensor_temperature|56_large_room_room_1_climate_sensor_temperature,salon,temperatura,czujnik powietrza: 10.3 °C; klimat: 12.0 °C,,,
conflict_048,conflicting_data,20759,2026-01-11 14:00:00,56_large_room_room_1_air_quality_sensor_temperature|56_large_room_room_1_climate_sensor_temperature,salon,temperatura,czujnik powietrza: 12.3 °C; klimat: 13.6 °C,,,
conflict_049,conflicting_data,22542,2026-01-17 18:35:00,56_large_room_room_1_air_quality_sensor_temperature|56_large_room_room_1_climate_sensor_temperature,salon,temperatura,czujnik powietrza: 12.0 °C; klimat: 15.1 °C,,,
conflict_050,conflicting_data,8107,2025-11-28 15:40:00,56_large_room_room_1_air_quality_sensor_temperature|56_large_room_room_1_climate_sensor_temperature,salon,temperatura,czujnik powietrza: 12.0 °C; klimat: 13.2 °C,,,
conflict_051,conflicting_data,22514,2026-01-17 16:15:00,56_large_room_room_1_air_quality_sensor_temperature|56_large_room_room_1_climate_sensor_temperature,salon,temperatura,czujnik powietrza: 12.1 °C; klimat: 15.0 °C,,,
conflict_052,conflicting_data,22492,2026-01-17 14:25:00,56_large_room_room_1_air_quality_sensor_temperature|56_large_room_room_1_climate_sensor_temperature,salon,temperatura,czujnik powietrza: 12.2 °C; klimat: 15.1 °C,,,
conflict_053,conflicting_data,20934,2026-01-12 04:35:00,56_large_room_room_1_air_quality_sensor_temperature|56_large_room_room_1_climate_sensor_temperature,salon,temperatura,czujnik powietrza: 12.2 °C; klimat: 13.4 °C,,,
conflict_054,conflicting_data,12060,2025-12-12 09:05:00,56_large_room_room_1_air_quality_sensor_temperature|56_large_room_room_1_climate_sensor_temperature,salon,temperatura,czujnik powietrza: 21.7 °C; klimat: 20.6 °C,,,
conflict_055,conflicting_data,15882,2025-12-25 15:35:00,56_large_room_room_1_air_quality_sensor_temperature|56_large_room_room_1_climate_sensor_temperature,salon,temperatura,czujnik powietrza: 10.9 °C; klimat: 12.1 °C,,,
conflict_056,conflicting_data,10036,2025-12-05 08:25:00,56_large_room_room_1_air_quality_sensor_temperature|56_large_room_room_1_climate_sensor_temperature,salon,temperatura,czujnik powietrza: 21.7 °C; klimat: 20.6 °C,,,
conflict_057,conflicting_data,18772,2026-01-04 16:25:00,56_large_room_room_1_air_quality_sensor_temperature|56_large_room_room_1_climate_sensor_temperature,salon,temperatura,czujnik powietrza: 11.7 °C; klimat: 12.7 °C,,,
conflict_058,conflicting_data,20386,2026-01-10 06:55:00,56_large_room_room_1_air_quality_sensor_temperature|56_large_room_room_1_climate_sensor_temperature,salon,temperatura,czujnik powietrza: 10.7 °C; klimat: 12.1 °C,,,
conflict_059,conflicting_data,22736,2026-01-18 10:45:00,56_large_room_room_1_air_quality_sensor_temperature|56_large_room_room_1_climate_sensor_temperature,salon,temperatura,czujnik powietrza: 11.5 °C; klimat: 14.9 °C,,,
conflict_060,conflicting_data,19330,2026-01-06 14:55:00,56_large_room_room_1_air_quality_sensor_temperature|56_large_room_room_1_climate_sensor_temperature,salon,temperatura,czujnik powietrza: 12.1 °C; klimat: 13.2 °C,,,
stale_001,stale_data,8709,2025-11-30 17:50:00,56_hallway_iot-cabinet_1_climate_sensor_temperature,przedpokój,temperatura,27.5 °C,,,3
stale_002,stale_data,6931,2025-11-24 13:40:00,56_large_room_room_1_climate_sensor_humidity,salon,wilgotność (klimat),54.3 %,,,6
stale_003,stale_data,5138,2025-11-18 08:15:00,56_small_room_room_1_climate_sensor_humidity,sypialnia,wilgotność,46.7 %,,,12
stale_004,stale_data,6031,2025-11-21 10:40:00,56_large_room_outlet_3_energy_meter_power,salon,gniazdko 3 moc,2.0 W,,,24
stale_005,stale_data,8772,2025-11-30 23:05:00,56_large_room_room_1_air_quality_sensor_humidity,salon,wilgotność (czujnik powietrza),56.0 %,,,36
stale_006,stale_data,5077,2025-11-18 03:10:00,56_small_room_window_1_contact_sensor_contact,sypialnia,okno,otwarte,,,48
stale_007,stale_data,7923,2025-11-28 00:20:00,56_small_room_heater_1_energy_meter_power,sypialnia,grzejnik moc,0.0 W,,,72
stale_008,stale_data,5671,2025-11-20 04:40:00,56_large_room_window_2_contact_sensor_contact,salon,okno 2,otwarte,,,96
stale_009,stale_data,6474,2025-11-22 23:35:00,56_hallway_iot-cabinet_1_climate_sensor_humidity,przedpokój,wilgotność,23.3 %,,,168
stale_010,stale_data,4174,2025-11-14 23:55:00,56_hallway_room_1_motion_sensor_occupancy,przedpokój,ruch/obecność,wykryto ruch,,,3
stale_011,stale_data,6184,2025-11-21 23:25:00,56_bathroom_window_1_contact_sensor_contact,łazienka,okno,otwarte,,,6
stale_012,stale_data,6599,2025-11-23 10:00:00,56_large_room_room_1_motion_sensor_occupancy,salon,ruch/obecność,brak ruchu,,,12
stale_013,stale_data,6146,2025-11-21 20:15:00,56_small_room_room_1_climate_sensor_temperature,sypialnia,temperatura,8.2 °C,,,24
stale_014,stale_data,7067,2025-11-25 01:00:00,56_bathroom_room_1_climate_sensor_temperature,łazienka,temperatura,5.3 °C,,,36
stale_015,stale_data,8481,2025-11-29 22:50:00,56_bathroom_heater_1_energy_meter_power,łazienka,grzejnik moc,213.5 W,,,48
stale_016,stale_data,4576,2025-11-16 09:25:00,56_outside_door_1_contact_sensor_contact,wejście,drzwi,otwarte,,,72
stale_017,stale_data,6575,2025-11-23 08:00:00,56_large_room_room_1_air_quality_sensor_temperature,salon,temperatura (czujnik powietrza),5.5 °C,,,96
stale_018,stale_data,2962,2025-11-10 18:55:00,56_bathroom_room_1_climate_sensor_humidity,łazienka,wilgotność,60.0 %,,,168
stale_019,stale_data,5220,2025-11-18 15:05:00,56_bathroom_room_1_motion_sensor_occupancy,łazienka,ruch/obecność,wykryto ruch,,,3
stale_020,stale_data,8377,2025-11-29 14:10:00,56_small_room_room_1_motion_sensor_occupancy,sypialnia,ruch/obecność,brak ruchu,,,6
stale_021,stale_data,6030,2025-11-21 10:35:00,56_localization_lights_1_energy_meter_power,przedpokój,oświetlenie moc,40.5 W,,,12
stale_022,stale_data,6032,2025-11-21 10:45:00,56_large_room_outlet_5_energy_meter_power,salon,gniazdko 5 moc,28.7 W,,,24
stale_023,stale_data,2293,2025-11-08 11:10:00,56_large_room_room_1_climate_sensor_temperature,salon,temperatura (klimat),17.6 °C,,,36
stale_024,stale_data,7885,2025-11-27 21:10:00,56_large_room_window_1_contact_sensor_contact,salon,okno 1,otwarte,,,48
stale_025,stale_data,7976,2025-11-28 04:45:00,56_bathroom_boiler_1_energy_meter_power,łazienka,bojler moc,0.0 W,,,72
stale_026,stale_data,6438,2025-11-22 20:35:00,56_hallway_iot-cabinet_1_climate_sensor_temperature,przedpokój,temperatura,19.9 °C,,,96
stale_027,stale_data,7643,2025-11-27 01:00:00,56_large_room_room_1_climate_sensor_humidity,salon,wilgotność (klimat),45.3 %,,,168
stale_028,stale_data,6586,2025-11-23 08:55:00,56_small_room_room_1_climate_sensor_humidity,sypialnia,wilgotność,51.9 %,,,3
stale_029,stale_data,6033,2025-11-21 10:50:00,56_large_room_outlet_3_energy_meter_power,salon,gniazdko 3 moc,3.3 W,,,6
stale_030,stale_data,5037,2025-11-17 23:50:00,56_large_room_room_1_air_quality_sensor_humidity,salon,wilgotność (czujnik powietrza),58.1 %,,,12
stale_031,stale_data,4381,2025-11-15 17:10:00,56_small_room_window_1_contact_sensor_contact,sypialnia,okno,otwarte,,,24
stale_032,stale_data,6952,2025-11-24 15:25:00,56_small_room_heater_1_energy_meter_power,sypialnia,grzejnik moc,0.0 W,,,36
stale_033,stale_data,1748,2025-11-06 13:45:00,56_large_room_window_2_contact_sensor_contact,salon,okno 2,otwarte,,,48
stale_034,stale_data,4121,2025-11-14 19:30:00,56_hallway_iot-cabinet_1_climate_sensor_humidity,przedpokój,wilgotność,25.0 %,,,72
stale_035,stale_data,8304,2025-11-29 08:05:00,56_hallway_room_1_motion_sensor_occupancy,przedpokój,ruch/obecność,brak ruchu,,,96
stale_036,stale_data,6113,2025-11-21 17:30:00,56_bathroom_window_1_contact_sensor_contact,łazienka,okno,otwarte,,,168
stale_037,stale_data,6850,2025-11-24 06:55:00,56_large_room_room_1_motion_sensor_occupancy,salon,ruch/obecność,brak ruchu,,,3
stale_038,stale_data,6538,2025-11-23 04:55:00,56_small_room_room_1_climate_sensor_temperature,sypialnia,temperatura,6.0 °C,,,6
stale_039,stale_data,6560,2025-11-23 06:45:00,56_bathroom_room_1_climate_sensor_temperature,łazienka,temperatura,7.2 °C,,,12
stale_040,stale_data,7908,2025-11-27 23:05:00,56_bathroom_heater_1_energy_meter_power,łazienka,grzejnik moc,210.2 W,,,24
paraphrase_001,paraphrase,23460,2026-01-20 23:05:00,56_small_room_room_1_climate_sensor_humidity,sypialnia,wilgotność,24.6 %,factual_001,,
paraphrase_002,paraphrase,21373,2026-01-13 17:10:00,56_bathroom_window_1_contact_sensor_contact,łazienka,okno,otwarte,factual_002,,
paraphrase_003,paraphrase,22804,2026-01-18 16:25:00,56_large_room_window_1_contact_sensor_contact,salon,okno 1,otwarte,factual_003,,
paraphrase_004,paraphrase,16722,2025-12-28 13:35:00,56_small_room_window_1_contact_sensor_contact,sypialnia,okno,otwarte,factual_004,,
paraphrase_005,paraphrase,4557,2025-11-16 07:50:00,56_large_room_room_1_motion_sensor_occupancy,salon,ruch/obecność,wykryto ruch,factual_005,,
paraphrase_006,paraphrase,4570,2025-11-16 08:55:00,56_bathroom_room_1_motion_sensor_occupancy,łazienka,ruch/obecność,wykryto ruch,factual_006,,
paraphrase_007,paraphrase,23614,2026-01-21 11:55:00,56_small_room_room_1_climate_sensor_temperature,sypialnia,temperatura,11.7 °C,factual_007,,
paraphrase_008,paraphrase,7361,2025-11-26 01:30:00,56_hallway_iot-cabinet_1_climate_sensor_temperature,przedpokój,temperatura,29.8 °C,factual_008,,
paraphrase_009,paraphrase,19413,2026-01-06 21:50:00,56_bathroom_room_1_climate_sensor_temperature,łazienka,temperatura,19.6 °C,factual_009,,
paraphrase_010,paraphrase,18356,2026-01-03 05:45:00,56_large_room_window_2_contact_sensor_contact,salon,okno 2,otwarte,factual_010,,
paraphrase_011,paraphrase,4581,2025-11-16 09:50:00,56_small_room_room_1_motion_sensor_occupancy,sypialnia,ruch/obecność,wykryto ruch,factual_011,,
paraphrase_012,paraphrase,23102,2026-01-19 17:15:00,56_large_room_outlet_5_energy_meter_power,salon,gniazdko 5 moc,3.1 W,factual_012,,
paraphrase_013,paraphrase,8948,2025-12-01 13:45:00,56_large_room_room_1_climate_sensor_temperature,salon,temperatura (klimat),13.7 °C,factual_013,,
paraphrase_014,paraphrase,21955,2026-01-15 17:40:00,56_large_room_room_1_air_quality_sensor_temperature,salon,temperatura (czujnik powietrza),11.2 °C,factual_014,,
paraphrase_015,paraphrase,20726,2026-01-11 11:15:00,56_large_room_room_1_air_quality_sensor_humidity,salon,wilgotność (czujnik powietrza),37.2 %,factual_015,,
paraphrase_016,paraphrase,13299,2025-12-16 16:20:00,56_large_room_room_1_climate_sensor_humidity,salon,wilgotność (klimat),32.3 %,factual_016,,
paraphrase_017,paraphrase,20462,2026-01-10 13:15:00,56_bathroom_room_1_climate_sensor_humidity,łazienka,wilgotność,15.6 %,factual_017,,
paraphrase_018,paraphrase,8376,2025-11-29 14:05:00,56_hallway_room_1_motion_sensor_occupancy,przedpokój,ruch/obecność,brak ruchu,factual_018,,
paraphrase_019,paraphrase,10390,2025-12-06 13:55:00,56_large_room_outlet_3_energy_meter_power,salon,gniazdko 3 moc,355.3 W,factual_019,,
paraphrase_020,paraphrase,12509,2025-12-13 22:30:00,56_bathroom_boiler_1_energy_meter_power,łazienka,bojler moc,1376.2 W,factual_020,,
paraphrase_021,paraphrase,21602,2026-01-14 12:15:00,56_bathroom_heater_1_energy_meter_power,łazienka,grzejnik moc,330.8 W,factual_021,,
paraphrase_022,paraphrase,21057,2026-01-12 14:50:00,56_outside_door_1_contact_sensor_contact,wejście,drzwi,otwarte,factual_022,,
paraphrase_023,paraphrase,13891,2025-12-18 17:40:00,56_hallway_iot-cabinet_1_climate_sensor_humidity,przedpokój,wilgotność,24.4 %,factual_023,,
paraphrase_024,paraphrase,12950,2025-12-15 11:15:00,56_small_room_heater_1_energy_meter_power,sypialnia,grzejnik moc,433.6 W,factual_024,,
paraphrase_025,paraphrase,6030,2025-11-21 10:35:00,56_localization_lights_1_energy_meter_power,przedpokój,oświetlenie moc,40.5 W,factual_025,,
paraphrase_026,paraphrase,6410,2025-11-22 18:15:00,56_small_room_room_1_climate_sensor_humidity,sypialnia,wilgotność,51.8 %,factual_026,,
paraphrase_027,paraphrase,20769,2026-01-11 14:50:00,56_bathroom_window_1_contact_sensor_contact,łazienka,okno,otwarte,factual_027,,
paraphrase_028,paraphrase,13749,2025-12-18 05:50:00,56_large_room_window_1_contact_sensor_contact,salon,okno 1,otwarte,factual_028,,
paraphrase_029,paraphrase,2391,2025-11-08 19:20:00,56_small_room_window_1_contact_sensor_contact,sypialnia,okno,otwarte,factual_029,,
paraphrase_030,paraphrase,8091,2025-11-28 14:20:00,56_large_room_room_1_motion_sensor_occupancy,salon,ruch/obecność,brak ruchu,factual_030,,
paraphrase_031,paraphrase,20108,2026-01-09 07:45:00,56_bathroom_room_1_motion_sensor_occupancy,łazienka,ruch/obecność,brak ruchu,factual_031,,
paraphrase_032,paraphrase,17331,2025-12-30 16:20:00,56_small_room_room_1_climate_sensor_temperature,sypialnia,temperatura,12.6 °C,factual_032,,
paraphrase_033,paraphrase,6968,2025-11-24 16:45:00,56_hallway_iot-cabinet_1_climate_sensor_temperature,przedpokój,temperatura,17.9 °C,factual_033,,
paraphrase_034,paraphrase,16186,2025-12-26 16:55:00,56_bathroom_room_1_climate_sensor_temperature,łazienka,temperatura,22.2 °C,factual_034,,
paraphrase_035,paraphrase,20670,2026-01-11 06:35:00,56_large_room_window_2_contact_sensor_contact,salon,okno 2,otwarte,factual_035,,
paraphrase_036,paraphrase,21316,2026-01-13 12:25:00,56_small_room_room_1_motion_sensor_occupancy,sypialnia,ruch/obecność,brak ruchu,factual_036,,
paraphrase_037,paraphrase,21870,2026-01-15 10:35:00,56_large_room_outlet_5_energy_meter_power,salon,gniazdko 5 moc,3.1 W,factual_037,,
paraphrase_038,paraphrase,17101,2025-12-29 21:10:00,56_large_room_room_1_climate_sensor_temperature,salon,temperatura (klimat),12.5 °C,factual_038,,
paraphrase_039,paraphrase,8456,2025-11-29 20:45:00,56_large_room_room_1_air_quality_sensor_temperature,salon,temperatura (czujnik powietrza),12.6 °C,factual_039,,
paraphrase_040,paraphrase,14261,2025-12-20 00:30:00,56_large_room_room_1_air_quality_sensor_humidity,salon,wilgotność (czujnik powietrza),59.7 %,factual_040,,
paraphrase_041,paraphrase,20105,2026-01-09 07:30:00,56_large_room_room_1_climate_sensor_humidity,salon,wilgotność (klimat),28.2 %,factual_041,,
paraphrase_042,paraphrase,19492,2026-01-07 04:25:00,56_bathroom_room_1_climate_sensor_humidity,łazienka,wilgotność,18.6 %,factual_042,,
paraphrase_043,paraphrase,18941,2026-01-05 06:30:00,56_hallway_room_1_motion_sensor_occupancy,przedpokój,ruch/obecność,brak ruchu,factual_043,,
paraphrase_044,paraphrase,10423,2025-12-06 16:40:00,56_large_room_outlet_3_energy_meter_power,salon,gniazdko 3 moc,7.4 W,factual_044,,
paraphrase_045,paraphrase,13373,2025-12-16 22:30:00,56_bathroom_boiler_1_energy_meter_power,łazienka,bojler moc,1402.5 W,factual_045,,
paraphrase_046,paraphrase,23357,2026-01-20 14:30:00,56_bathroom_heater_1_energy_meter_power,łazienka,grzejnik moc,388.3 W,factual_046,,
paraphrase_047,paraphrase,10904,2025-12-08 08:45:00,56_outside_door_1_contact_sensor_contact,wejście,drzwi,otwarte,factual_047,,
paraphrase_048,paraphrase,6021,2025-11-21 09:50:00,56_hallway_iot-cabinet_1_climate_sensor_humidity,przedpokój,wilgotność,26.0 %,factual_048,,
paraphrase_049,paraphrase,10276,2025-12-06 04:25:00,56_small_room_heater_1_energy_meter_power,sypialnia,grzejnik moc,110.8 W,factual_049,,
paraphrase_050,paraphrase,6031,2025-11-21 10:40:00,56_localization_lights_1_energy_meter_power,przedpokój,oświetlenie moc,41.2 W,factual_050,,
paraphrase_051,paraphrase,6481,2025-11-23 00:10:00,56_small_room_room_1_climate_sensor_humidity,sypialnia,wilgotność,51.9 %,factual_051,,
paraphrase_052,paraphrase,6337,2025-11-22 12:10:00,56_bathroom_window_1_contact_sensor_contact,łazienka,okno,otwarte,factual_052,,
paraphrase_053,paraphrase,12771,2025-12-14 20:20:00,56_large_room_window_1_contact_sensor_contact,salon,okno 1,otwarte,factual_053,,
paraphrase_054,paraphrase,13281,2025-12-16 14:50:00,56_small_room_window_1_contact_sensor_contact,sypialnia,okno,otwarte,factual_054,,
paraphrase_055,paraphrase,21601,2026-01-14 12:10:00,56_large_room_room_1_motion_sensor_occupancy,salon,ruch/obecność,brak ruchu,factual_055,,
paraphrase_056,paraphrase,10647,2025-12-07 11:20:00,56_bathroom_room_1_motion_sensor_occupancy,łazienka,ruch/obecność,wykryto ruch,factual_056,,
paraphrase_057,paraphrase,19634,2026-01-07 16:15:00,56_small_room_room_1_climate_sensor_temperature,sypialnia,temperatura,14.6 °C,factual_057,,
paraphrase_058,paraphrase,14918,2025-12-22 07:15:00,56_hallway_iot-cabinet_1_climate_sensor_temperature,przedpokój,temperatura,18.4 °C,factual_058,,
paraphrase_059,paraphrase,6726,2025-11-23 20:35:00,56_bathroom_room_1_climate_sensor_temperature,łazienka,temperatura,6.4 °C,factual_059,,
paraphrase_060,paraphrase,20328,2026-01-10 02:05:00,56_large_room_window_2_contact_sensor_contact,salon,okno 2,otwarte,factual_060,,
