_dataset,_file,model,trial,n_cases,score_mean,score_sd_cases,hallucination_rate,empty_rate,e2e_median_ms,e2e_p90_ms,ttft_median_ms,temperature,num_ctx,num_predict,top_p,repeat_penalty,nonhall_n,nonhall_score_mean,nonhall_score_sd_cases,pred_score_from_decomposition,decomposition_abs_error
results-5-trials-nothrottling,gemma2_2b_20260509_115110.jsonl,gemma2:2b,1,20,0.6390399999999999,0.3893327374124255,0.25,0.0,21059.85,25109.11,,0.36217808319315375,1024,65,0.8296389588638785,1.0087125418252298,15.0,0.8520533333333333,0.10607908684875954,0.63904,1.1102230246251565e-16
results-5-trials-nothrottling,gemma2_2b_20260509_115110.jsonl,gemma2:2b,2,20,0.67059,0.36249768188006537,0.2,0.0,20947.65,26967.52,,0.7063233020424546,2048,157,0.9581641017520801,1.0318508666017414,16.0,0.8382375,0.12864215936724116,0.67059,0.0
results-5-trials-nothrottling,gemma2_2b_20260509_115110.jsonl,gemma2:2b,3,20,0.66955,0.3571909123910305,0.2,0.0,21863.4,26849.95,,0.22727747704497045,4096,96,0.855333536637628,1.091777934208357,16.0,0.8369375,0.11034358386421932,0.6695500000000001,1.1102230246251565e-16
results-5-trials-nothrottling,gemma2_2b_20260509_115110.jsonl,gemma2:2b,4,20,0.712235,0.3223005336230212,0.15,0.0,20859.55,27974.65000000001,,0.1976457024564293,4096,136,0.8379380186100884,1.0771351657620416,17.0,0.8379235294117647,0.10702793168965148,0.712235,0.0
results-5-trials-nothrottling,gemma2_2b_20260509_115110.jsonl,gemma2:2b,5,20,0.70375,0.31851640212248505,0.15,0.0,20578.2,26087.59,,0.5146901982034298,2048,55,0.9802882520781333,1.144844804961184,17.0,0.8279411764705882,0.10595118604116432,0.70375,0.0
results-5-trials-nothrottling,gemma3_4b_20260509_123020.jsonl,gemma3:4b,1,20,0.751325,0.27213455819347515,0.1,0.05,33014.1,42684.18,,0.36217808319315375,1024,65,0.8296389588638785,1.0087125418252298,18.0,0.8348055555555556,0.09476490087531621,0.751325,0.0
results-5-trials-nothrottling,gemma3_4b_20260509_123020.jsonl,gemma3:4b,2,20,0.840405,0.09117834735459836,0.0,0.0,31706.85,40326.590000000004,,0.7063233020424546,2048,157,0.9581641017520801,1.0318508666017414,20.0,0.840405,0.09117834735459836,0.840405,0.0
results-5-trials-nothrottling,gemma3_4b_20260509_123020.jsonl,gemma3:4b,3,20,0.79603,0.20761669413660006,0.05,0.05,32108.5,41477.5,,0.22727747704497045,4096,96,0.855333536637628,1.091777934208357,19.0,0.8379263157894737,0.09188599725327068,0.79603,0.0
results-5-trials-nothrottling,gemma3_4b_20260509_123020.jsonl,gemma3:4b,4,20,0.8409150000000001,0.09066832136970444,0.0,0.0,31327.85,39006.37,,0.1976457024564293,4096,136,0.8379380186100884,1.0771351657620416,20.0,0.8409150000000001,0.09066832136970444,0.8409150000000001,0.0
results-5-trials-nothrottling,gemma3_4b_20260509_123020.jsonl,gemma3:4b,5,20,0.800745,0.20965121781563525,0.05,0.0,31609.35,41248.62,,0.5146901982034298,2048,55,0.9802882520781333,1.144844804961184,19.0,0.8428894736842105,0.09433377440849089,0.8007449999999999,1.1102230246251565e-16
results-5-trials-nothrottling,llama3_2_3b_20260509_132802.jsonl,llama3.2:3b,1,20,0.60759,0.3840327191378634,0.25,0.0,26555.449999999997,34626.9,,0.36217808319315375,1024,65,0.8296389588638785,1.0087125418252298,15.0,0.81012,0.1560763100903804,0.60759,0.0
results-5-trials-nothrottling,llama3_2_3b_20260509_132802.jsonl,llama3.2:3b,2,20,0.64444,0.3515850700380837,0.2,0.0,27237.05,34138.17,,0.7063233020424546,2048,157,0.9581641017520801,1.0318508666017414,16.0,0.80555,0.1346884305845656,0.64444,0.0
results-5-trials-nothrottling,llama3_2_3b_20260509_132802.jsonl,llama3.2:3b,3,20,0.657555,0.3588426373701108,0.2,0.0,29401.25,32071.430000000004,,0.22727747704497045,4096,96,0.855333536637628,1.091777934208357,16.0,0.82194375,0.13776788193068323,0.657555,0.0
results-5-trials-nothrottling,llama3_2_3b_20260509_132802.jsonl,llama3.2:3b,4,20,0.74108,0.2787957195926041,0.1,0.0,26816.7,32640.040000000005,,0.1976457024564293,4096,136,0.8379380186100884,1.0771351657620416,18.0,0.8234222222222223,0.12280317372578035,0.7410800000000001,1.1102230246251565e-16
results-5-trials-nothrottling,llama3_2_3b_20260509_132802.jsonl,llama3.2:3b,5,20,0.6146100000000001,0.38252676535181995,0.25,0.0,26929.35,32080.06,,0.5146901982034298,2048,55,0.9802882520781333,1.144844804961184,15.0,0.8194800000000001,0.13677530687747907,0.6146100000000001,0.0
results-5-trials-nothrottling,phi3_5_20260509_151130.jsonl,phi3.5,1,20,0.37625000000000003,0.3956968370382878,0.5,0.15,46893.600000000006,60000.0,,0.36217808319315375,1024,65,0.8296389588638785,1.0087125418252298,10.0,0.7525000000000001,0.1263427876849328,0.37625000000000003,0.0
results-5-trials-nothrottling,phi3_5_20260509_151130.jsonl,phi3.5,2,20,0.33975,0.39284547316912494,0.55,0.3,58303.85,60000.0,,0.7063233020424546,2048,157,0.9581641017520801,1.0318508666017414,9.0,0.755,0.11757976016304846,0.33974999999999994,5.551115123125783e-17
results-5-trials-nothrottling,phi3_5_20260509_151130.jsonl,phi3.5,3,20,0.406,0.3905347211466001,0.45,0.3,50685.75,60000.0,,0.22727747704497045,4096,96,0.855333536637628,1.091777934208357,11.0,0.7381818181818183,0.14160283767059062,0.4060000000000001,5.551115123125783e-17
results-5-trials-nothrottling,phi3_5_20260509_151130.jsonl,phi3.5,4,20,0.293,0.37808520342990354,0.6,0.4,55031.35,60000.0,,0.1976457024564293,4096,136,0.8379380186100884,1.0771351657620416,8.0,0.7324999999999999,0.14169887589028862,0.293,0.0
results-5-trials-nothrottling,phi3_5_20260509_151130.jsonl,phi3.5,5,20,0.48475,0.3887648287914728,0.35,0.05,47206.95,58139.1,,0.5146901982034298,2048,55,0.9802882520781333,1.144844804961184,13.0,0.7457692307692307,0.16858289446943397,0.48475,0.0
results-5-trials-nothrottling,qwen2_5_3b_20260509_141742.jsonl,qwen2.5:3b,1,20,0.73307,0.2827881354989055,0.1,0.0,27839.35,36636.33,,0.36217808319315375,1024,65,0.8296389588638785,1.0087125418252298,18.0,0.8145222222222223,0.13831121155506546,0.73307,0.0
results-5-trials-nothrottling,qwen2_5_3b_20260509_141742.jsonl,qwen2.5:3b,2,20,0.601085,0.37865560977726115,0.25,0.0,29859.25,36200.7,,0.7063233020424546,2048,157,0.9581641017520801,1.0318508666017414,15.0,0.8014466666666666,0.1501269694371433,0.601085,0.0
results-5-trials-nothrottling,qwen2_5_3b_20260509_141742.jsonl,qwen2.5:3b,3,20,0.66658,0.3563159916348645,0.2,0.0,29544.449999999997,35712.75000000001,,0.22727747704497045,4096,96,0.855333536637628,1.091777934208357,16.0,0.833225,0.11272862694689997,0.6665800000000001,1.1102230246251565e-16
results-5-trials-nothrottling,qwen2_5_3b_20260509_141742.jsonl,qwen2.5:3b,4,20,0.62502,0.3835556744051912,0.25,0.0,31027.55,36802.12,,0.1976457024564293,4096,136,0.8379380186100884,1.0771351657620416,15.0,0.8333600000000001,0.11675701753152631,0.6250200000000001,1.1102230246251565e-16
results-5-trials-nothrottling,qwen2_5_3b_20260509_141742.jsonl,qwen2.5:3b,5,20,0.710025,0.3182377659202232,0.15,0.0,27640.85,35619.98000000001,,0.5146901982034298,2048,55,0.9802882520781333,1.144844804961184,17.0,0.8353235294117647,0.09517368024703421,0.710025,0.0
results-gemma4,batiai_gemma4-e2b_q4_20260531_172408.jsonl,batiai/gemma4-e2b:q4,1,20,0.881325,0.2147321045175274,0.05,0.0,20972.800000000003,28600.48,17244.75,0.36217808319315375,1024,65,0.8296389588638785,1.0087125418252298,19.0,0.9277105263157894,0.056995700566279006,0.8813249999999999,1.1102230246251565e-16
results-gemma4,batiai_gemma4-e2b_q4_20260531_172408.jsonl,batiai/gemma4-e2b:q4,2,20,0.83823,0.24593861900033,0.05,0.0,21514.050000000003,28168.430000000004,17549.35,0.7063233020424546,2048,157,0.9581641017520801,1.0318508666017414,19.0,0.8823473684210527,0.1508531750058869,0.83823,0.0
results-gemma4,batiai_gemma4-e2b_q4_20260531_172408.jsonl,batiai/gemma4-e2b:q4,3,20,0.87743,0.21430197115776906,0.05,0.0,22143.1,28055.22,17583.5,0.22727747704497045,4096,96,0.855333536637628,1.091777934208357,19.0,0.9236105263157895,0.05877347185722532,0.87743,0.0
results-gemma4,batiai_gemma4-e2b_q4_20260531_172408.jsonl,batiai/gemma4-e2b:q4,4,20,0.8824099999999999,0.21474046489462087,0.05,0.0,20895.4,28268.15,17179.15,0.1976457024564293,4096,136,0.8379380186100884,1.0771351657620416,19.0,0.9288526315789474,0.05603918637307941,0.8824099999999999,0.0
results-gemma4,batiai_gemma4-e2b_q4_20260531_172408.jsonl,batiai/gemma4-e2b:q4,5,20,0.8800100000000001,0.21484529048155854,0.05,0.0,20694.05,28536.860000000004,17538.9,0.5146901982034298,2048,55,0.9802882520781333,1.144844804961184,19.0,0.9263263157894738,0.058611269698518854,0.8800100000000001,0.0
results-gemma4,gemma4_e2b_20260531_205731.jsonl,gemma4:e2b,2,20,0.91896,0.07183238823817571,0.0,0.0,20096.2,27347.630000000005,15366.849999999999,0.36217808319315375,1024,65,0.8296389588638785,1.0087125418252298,20.0,0.91896,0.07183238823817571,0.91896,0.0
results-gemma4,gemma4_e2b_20260531_205731.jsonl,gemma4:e2b,3,20,0.8752700000000001,0.21730436113530038,0.05,0.0,20583.55,27071.420000000002,16701.65,0.7063233020424546,2048,157,0.9581641017520801,1.0318508666017414,19.0,0.9213368421052632,0.07101800405942706,0.87527,1.1102230246251565e-16
results-gemma4,gemma4_e2b_20260531_205731.jsonl,gemma4:e2b,4,20,0.0,0.0,1.0,1.0,60000.0,60000.0,,0.22727747704497045,4096,96,0.855333536637628,1.091777934208357,,,,,
results-gemma4,gemma4_e2b_20260531_205731.jsonl,gemma4:e2b,5,20,0.0,0.0,1.0,1.0,60000.0,60000.0,,0.1976457024564293,4096,136,0.8379380186100884,1.0771351657620416,,,,,
results-gemma4,gemma4_e2b_20260531_205731.jsonl,gemma4:e2b,6,20,0.0,0.0,1.0,1.0,60000.0,60000.0,,0.5146901982034298,2048,55,0.9802882520781333,1.144844804961184,,,,,
results-gemma4,gemma4_e2b_20260601_000052.jsonl,gemma4:e2b,1,3,0.0,0.0,1.0,1.0,60000.0,60000.0,,0.36217808319315375,1024,115,0.829643541684063,1.0233991780504303,,,,,
results-gemma4,gemma4_e2b_20260601_001113.jsonl,gemma4:e2b,1,3,0.0,0.0,1.0,1.0,60000.0,60000.0,,0.36217808319315375,1024,115,0.829643541684063,1.0233991780504303,,,,,
results-selected-9.05,gemma2_2b_20260509_225356.jsonl,gemma2:2b,1,20,0.75404,0.3494225708975189,0.15,0.0,21082.0,26798.09,17853.6,0.36217808319315375,1024,65,0.8296389588638785,1.0087125418252298,17.0,0.8871058823529412,0.1398853480112742,0.75404,0.0
results-selected-9.05,gemma2_2b_20260509_225356.jsonl,gemma2:2b,2,20,0.71861,0.3865555722286934,0.2,0.0,20814.35,27142.95,17999.75,0.7063233020424546,2048,157,0.9581641017520801,1.0318508666017414,16.0,0.8982625,0.1309140525943134,0.71861,0.0
results-selected-9.05,gemma2_2b_20260509_225356.jsonl,gemma2:2b,3,20,0.76445,0.3444733822120826,0.15,0.0,21825.35,26960.53,17984.4,0.22727747704497045,4096,96,0.855333536637628,1.091777934208357,17.0,0.8993529411764706,0.10955741712480639,0.76445,0.0
results-selected-9.05,gemma2_2b_20260509_225356.jsonl,gemma2:2b,4,20,0.71977,0.3825763413325089,0.2,0.0,21858.25,27723.720000000005,17783.1,0.1976457024564293,4096,136,0.8379380186100884,1.0771351657620416,16.0,0.8997125,0.11271918425893614,0.71977,0.0
results-selected-9.05,gemma2_2b_20260509_225356.jsonl,gemma2:2b,5,20,0.8473050000000001,0.2203319086598312,0.05,0.0,20727.3,25881.86,17978.55,0.5146901982034298,2048,55,0.9802882520781333,1.144844804961184,19.0,0.8919,0.09622471385021394,0.847305,1.1102230246251565e-16
results-selected-9.05,gemma2_2b_20260509_225356.jsonl,gemma2:2b,6,20,0.669455,0.41282283631627087,0.25,0.0,22038.25,26929.260000000002,18081.449999999997,0.6658781436815229,4096,97,0.8231872646205081,1.0742765365166904,15.0,0.8926066666666668,0.13369239996919727,0.6694550000000001,1.1102230246251565e-16
results-selected-9.05,gemma2_2b_20260509_225356.jsonl,gemma2:2b,7,20,0.7646900000000001,0.3445398287265891,0.15,0.0,21753.6,25075.210000000003,17882.75,0.12407196478065288,1024,83,0.8988129240237841,1.082006541901492,17.0,0.8996352941176471,0.10943600836320098,0.76469,1.1102230246251565e-16
results-selected-9.05,gemma2_2b_20260509_225356.jsonl,gemma2:2b,8,20,0.761655,0.3435234527732614,0.15,0.0,21686.4,27555.120000000003,17608.05,0.22939811886786896,1024,149,0.9136009959741062,1.1382811352534674,17.0,0.896064705882353,0.11030707106287695,0.761655,0.0
results-selected-9.05,gemma2_2b_20260509_225356.jsonl,gemma2:2b,9,20,0.76244,0.3434987265739056,0.15,0.0,21982.550000000003,26547.82,17945.35,0.16194475143634365,4096,91,0.8515563160370403,1.1243106263727893,17.0,0.8969882352941176,0.10901175327890646,0.76244,0.0
results-selected-9.05,gemma2_2b_20260509_225356.jsonl,gemma2:2b,10,20,0.808305,0.2936312572544723,0.1,0.0,20806.0,27353.73,17893.85,0.34972732868551254,2048,138,0.8141646222991565,1.1480330404900776,18.0,0.8981166666666667,0.10467389275043419,0.808305,0.0
results-selected-9.05,gemma2_2b_20260509_225356.jsonl,gemma2:2b,11,20,0.8059049999999999,0.2929385160476692,0.1,0.0,20441.0,25022.270000000004,17677.85,0.5470224357023625,2048,48,0.9814775175179065,1.1109001522053024,18.0,0.8954499999999999,0.10492328990603512,0.8059049999999999,0.0
results-selected-9.05,gemma2_2b_20260509_225356.jsonl,gemma2:2b,12,20,0.71037,0.38022873046849603,0.2,0.0,22498.449999999997,29542.24,17681.6,0.4456849910817559,2048,124,0.9414855708956398,1.1496551491259175,16.0,0.8879625,0.12214095068130644,0.7103700000000001,1.1102230246251565e-16
results-selected-9.05,gemma2_2b_20260509_225356.jsonl,gemma2:2b,13,20,0.6774549999999999,0.41341865804023586,0.25,0.0,20724.75,27306.53,17646.85,0.35285442277736756,2048,122,0.8782549404485988,1.1127719986115796,15.0,0.9032733333333333,0.11580450562827649,0.6774549999999999,0.0
results-selected-9.05,gemma2_2b_20260509_225356.jsonl,gemma2:2b,14,20,0.722375,0.3827714377440296,0.2,0.0,20974.65,26904.899999999998,17589.4,0.5584310609302766,2048,114,0.803019279893161,1.1332225639572429,16.0,0.90296875,0.1079003535289235,0.722375,0.0
results-selected-9.05,gemma2_2b_20260509_225356.jsonl,gemma2:2b,15,20,0.70966,0.3857024356185805,0.2,0.0,20737.05,25144.800000000003,17623.4,0.3636623205739308,2048,75,0.9285954310381669,1.0521450145744875,16.0,0.887075,0.1434048883406699,0.70966,0.0
results-selected-9.05,gemma2_2b_20260509_225356.jsonl,gemma2:2b,16,20,0.76205,0.3427794219396246,0.15,0.0,20550.2,25921.210000000003,17564.75,0.5577987094229263,2048,58,0.9865314852884329,1.1488028007239546,17.0,0.8965294117647059,0.10690421977584588,0.76205,0.0
results-selected-9.05,gemma2_2b_20260509_225356.jsonl,gemma2:2b,17,20,0.6375149999999999,0.43816258491088617,0.3,0.0,20835.4,27034.1,17699.05,0.7995537070490861,2048,140,0.8797792502053563,1.1045994088516176,14.0,0.9107357142857142,0.11235126651672464,0.6375149999999999,0.0
results-selected-9.05,gemma2_2b_20260509_225356.jsonl,gemma2:2b,18,20,0.76379,0.34450954596811667,0.15,0.0,21316.05,27646.2,17634.199999999997,0.42438777448111265,2048,108,0.9588194813600416,1.1271410669729032,17.0,0.8985764705882353,0.11070189434587244,0.76379,0.0
results-selected-9.05,gemma2_2b_20260509_225356.jsonl,gemma2:2b,19,20,0.710665,0.3824034577511035,0.2,0.0,20836.3,26918.53,17642.199999999997,0.3091453046740158,2048,130,0.8731439015932535,1.0583291689363508,16.0,0.88833125,0.1299209950636668,0.7106650000000001,1.1102230246251565e-16
results-selected-9.05,gemma2_2b_20260509_225356.jsonl,gemma2:2b,20,20,0.72014,0.38411065346493994,0.2,0.0,20819.0,25146.49,17993.35,0.4974598972790332,1024,75,0.8020879459563166,1.097042056849219,16.0,0.900175,0.1183978575256608,0.72014,0.0
results-selected-9.05,gemma2_2b_20260509_225356.jsonl,gemma2:2b,21,20,0.67066,0.4136817558920078,0.25,0.0,21738.75,25343.58,17866.550000000003,0.6531958925126808,2048,159,0.9103832059639699,1.1196499251415093,15.0,0.8942133333333333,0.13441772240012878,0.67066,0.0
results-selected-9.05,gemma2_2b_20260509_225356.jsonl,gemma2:2b,22,20,0.756605,0.3433736961924167,0.15,0.0,20140.2,25025.910000000003,17633.9,0.5476279263896145,2048,48,0.9816469269791691,1.1373598217597682,17.0,0.8901235294117646,0.11720406098665997,0.756605,0.0
results-selected-9.05,gemma2_2b_20260509_225356.jsonl,gemma2:2b,23,20,0.761935,0.34125768512649607,0.15,0.0,20263.9,26560.18,17610.65,0.4845349046427942,2048,49,0.9685809272072862,1.1104003305573764,17.0,0.8963941176470588,0.10114877329080812,0.7619349999999999,1.1102230246251565e-16
results-selected-9.05,gemma2_2b_20260509_225356.jsonl,gemma2:2b,24,20,0.72022,0.3823434218219614,0.2,0.0,20543.75,26709.320000000003,17609.85,0.5889553953180421,2048,61,0.9512167142843766,1.1456093099353748,16.0,0.9002749999999999,0.11074267771129011,0.72022,0.0
results-selected-9.05,gemma2_2b_20260509_225356.jsonl,gemma2:2b,25,20,0.75542,0.344262494097317,0.15,0.0,20962.75,26438.300000000003,17612.85,0.29503398563884325,2048,71,0.9746959687689126,1.1224174448647217,17.0,0.8887294117647059,0.12189255393945257,0.75542,0.0
results-selected-9.05,gemma2_2b_20260509_225356.jsonl,gemma2:2b,26,20,0.764025,0.34391860401003393,0.15,0.0,20294.699999999997,25585.420000000002,17627.550000000003,0.4183262645844398,2048,52,0.9341013120904736,1.130770831187187,17.0,0.8988529411764706,0.10813237326101205,0.7640250000000001,1.1102230246251565e-16
results-selected-9.05,gemma2_2b_20260509_225356.jsonl,gemma2:2b,27,20,0.71777,0.3836147246227241,0.2,0.0,20736.45,27073.66,17705.4,0.6227816771595117,2048,86,0.9671051512187334,1.1014164963170596,16.0,0.8972125,0.12112693548505221,0.71777,0.0
results-selected-9.05,gemma2_2b_20260509_225356.jsonl,gemma2:2b,28,20,0.708695,0.3836308498036265,0.2,0.0,20785.25,25241.750000000004,17632.45,0.5200525612553587,2048,66,0.988244329305114,1.1382645504659128,16.0,0.88586875,0.13784941890217267,0.7086950000000001,1.1102230246251565e-16
results-selected-9.05,gemma2_2b_20260509_225356.jsonl,gemma2:2b,29,20,0.62905,0.4337447509162139,0.3,0.0,20586.05,26773.170000000002,17941.0,0.7683316847833965,1024,57,0.9151180854534484,1.113678946773588,14.0,0.8986428571428571,0.11858393142078229,0.6290499999999999,1.1102230246251565e-16
results-selected-9.05,gemma2_2b_20260509_225356.jsonl,gemma2:2b,30,20,0.670445,0.41356978978923953,0.25,0.0,22379.45,27899.920000000002,18033.75,0.38176658064450547,4096,109,0.8189380311814349,1.0044933989014206,15.0,0.8939266666666666,0.13446086242401364,0.670445,0.0
results-selected-9.05,gemma3_4b_20260509_171752.jsonl,gemma3:4b,1,20,0.8461449999999999,0.22000357048538052,0.05,0.05,32174.6,41455.32,27511.2,0.36217808319315375,1024,65,0.8296389588638785,1.0087125418252298,19.0,0.890678947368421,0.0960284424240337,0.8461449999999999,0.0
results-selected-9.05,gemma3_4b_20260509_171752.jsonl,gemma3:4b,2,20,0.895515,0.0950465441382883,0.0,0.0,31130.449999999997,39021.15000000001,26935.55,0.7063233020424546,2048,157,0.9581641017520801,1.0318508666017414,20.0,0.895515,0.0950465441382883,0.895515,0.0
results-selected-9.05,gemma3_4b_20260509_171752.jsonl,gemma3:4b,3,20,0.8940849999999999,0.09407118958813225,0.0,0.0,31399.550000000003,41348.72,27558.35,0.22727747704497045,4096,96,0.855333536637628,1.091777934208357,20.0,0.8940849999999999,0.09407118958813225,0.8940849999999999,0.0
results-selected-9.05,gemma3_4b_20260509_171752.jsonl,gemma3:4b,4,20,0.8956500000000001,0.0947582158637667,0.0,0.0,30853.949999999997,38827.78,26991.65,0.1976457024564293,4096,136,0.8379380186100884,1.0771351657620416,20.0,0.8956500000000001,0.0947582158637667,0.8956500000000001,0.0
results-selected-9.05,gemma3_4b_20260509_171752.jsonl,gemma3:4b,5,20,0.889805,0.10331962403399615,0.0,0.0,31573.85,40770.77,27439.199999999997,0.5146901982034298,2048,55,0.9802882520781333,1.144844804961184,20.0,0.889805,0.10331962403399615,0.889805,0.0
results-selected-9.05,gemma3_4b_20260509_171752.jsonl,gemma3:4b,6,20,0.8481799999999999,0.22035586672471422,0.05,0.0,31457.25,41227.530000000006,27474.7,0.6658781436815229,4096,97,0.8231872646205081,1.0742765365166904,19.0,0.892821052631579,0.09583101202375503,0.8481799999999999,0.0
results-selected-9.05,gemma3_4b_20260509_171752.jsonl,gemma3:4b,7,20,0.8941549999999999,0.09402558148548834,0.0,0.0,31610.85,41300.17,27375.1,0.12407196478065288,1024,83,0.8988129240237841,1.082006541901492,20.0,0.8941549999999999,0.09402558148548834,0.8941549999999999,0.0
results-selected-9.05,gemma3_4b_20260509_171752.jsonl,gemma3:4b,8,20,0.8956949999999999,0.09477078983137766,0.0,0.0,30975.6,38460.8,26984.85,0.22939811886786896,1024,149,0.9136009959741062,1.1382811352534674,20.0,0.8956949999999999,0.09477078983137766,0.8956949999999999,0.0
results-selected-9.05,gemma3_4b_20260509_171752.jsonl,gemma3:4b,9,20,0.894745,0.09431516859082524,0.0,0.0,31558.35,41177.87,27542.7,0.16194475143634365,4096,91,0.8515563160370403,1.1243106263727893,20.0,0.894745,0.09431516859082524,0.894745,0.0
results-selected-9.05,gemma3_4b_20260509_171752.jsonl,gemma3:4b,10,20,0.8948599999999999,0.09426336230839745,0.0,0.0,31392.949999999997,41147.090000000004,27541.4,0.34972732868551254,2048,138,0.8141646222991565,1.1480330404900776,20.0,0.8948599999999999,0.09426336230839745,0.8948599999999999,0.0
results-selected-9.05,gemma3_4b_20260509_171752.jsonl,gemma3:4b,11,20,0.89223,0.10340158860634482,0.0,0.0,30844.4,38491.8,26943.15,0.459564349943546,1024,120,0.9197262154576752,1.1116504584301008,20.0,0.89223,0.10340158860634482,0.89223,0.0
results-selected-9.05,gemma3_4b_20260509_171752.jsonl,gemma3:4b,12,20,0.8468500000000001,0.22020219297153623,0.05,0.0,31046.949999999997,38664.73,26962.9,0.2660883132635644,1024,158,0.9305052103178373,1.0569406365130336,19.0,0.891421052631579,0.09614548916989965,0.84685,1.1102230246251565e-16
results-selected-9.05,gemma3_4b_20260509_171752.jsonl,gemma3:4b,13,20,0.8952500000000001,0.09404367126640235,0.0,0.0,31659.65,41252.079999999994,27380.05,0.29653266796779293,4096,126,0.8734321082838207,1.050003276210252,20.0,0.8952500000000001,0.09404367126640235,0.8952500000000001,0.0
results-selected-9.05,gemma3_4b_20260509_171752.jsonl,gemma3:4b,14,20,0.8949299999999999,0.09430615373123291,0.0,0.0,31354.9,41127.91,27448.6,0.11546798653341919,1024,140,0.8863780474554669,1.112574933940161,20.0,0.8949299999999999,0.09430615373123291,0.8949299999999999,0.0
results-selected-9.05,gemma3_4b_20260509_171752.jsonl,gemma3:4b,15,20,0.8469200000000001,0.22461464684865803,0.05,0.0,31592.1,40977.810000000005,27436.3,0.5571022121009495,4096,116,0.9212434222309479,1.01080090750977,19.0,0.8914947368421053,0.10634282336797037,0.84692,1.1102230246251565e-16
results-selected-9.05,gemma3_4b_20260509_171752.jsonl,gemma3:4b,16,20,0.8956899999999999,0.0947749128475629,0.0,0.0,30873.300000000003,38818.91,26984.699999999997,0.1980434446303354,4096,141,0.9482740676158945,1.099128358793843,20.0,0.8956899999999999,0.0947749128475629,0.8956899999999999,0.0
results-selected-9.05,gemma3_4b_20260509_171752.jsonl,gemma3:4b,17,20,0.88818,0.0952911030253584,0.0,0.0,31777.199999999997,41199.35,27463.25,0.7995537070490861,1024,148,0.9515653688838619,1.1291451052852102,20.0,0.88818,0.0952911030253584,0.88818,0.0
results-selected-9.05,gemma3_4b_20260509_171752.jsonl,gemma3:4b,18,20,0.8482899999999999,0.22495918436814033,0.05,0.0,30911.15,38616.14000000001,26991.05,0.3746816882303001,1024,111,0.9878692113698322,1.0994267813347647,19.0,0.892936842105263,0.10647291366835625,0.8482899999999999,0.0
results-selected-9.05,gemma3_4b_20260509_171752.jsonl,gemma3:4b,19,20,0.8966049999999999,0.09490235133796046,0.0,0.0,31483.85,41119.71,27422.85,0.2929380194165226,4096,130,0.9500934808209532,1.1322451981133785,20.0,0.8966049999999999,0.09490235133796046,0.8966049999999999,0.0
results-selected-9.05,gemma3_4b_20260509_171752.jsonl,gemma3:4b,20,20,0.8931549999999999,0.10337943639051747,0.0,0.0,31201.6,38679.72,26948.65,0.4211636460160517,4096,129,0.9552121365094608,1.1115209559066836,20.0,0.8931549999999999,0.10337943639051747,0.8931549999999999,0.0
results-selected-9.05,gemma3_4b_20260509_171752.jsonl,gemma3:4b,21,20,0.85286,0.22241217403257119,0.05,0.0,30970.0,38280.270000000004,26921.0,0.2868326264528869,4096,104,0.9680459500407658,1.126792602464887,19.0,0.8977473684210525,0.09838233450518467,0.8528599999999998,1.1102230246251565e-16
results-selected-9.05,gemma3_4b_20260509_171752.jsonl,gemma3:4b,22,20,0.895735,0.09477099420236797,0.0,0.0,30988.449999999997,38302.4,26991.3,0.20530894818538184,4096,152,0.9370577898905197,1.1363594060463276,20.0,0.895735,0.09477099420236797,0.895735,0.0
results-selected-9.05,gemma3_4b_20260509_171752.jsonl,gemma3:4b,23,20,0.8961600000000001,0.09495442341626743,0.0,0.0,30880.6,38717.53,27003.7,0.17140066441393356,4096,148,0.9432971456343188,1.0965167866799055,20.0,0.8961600000000001,0.09495442341626743,0.8961600000000001,0.0
results-selected-9.05,gemma3_4b_20260509_171752.jsonl,gemma3:4b,24,20,0.895785,0.0947536821948028,0.0,0.0,30891.300000000003,38429.82000000001,27029.1,0.106021950997528,4096,149,0.9371774237131699,1.1343806741392675,20.0,0.895785,0.0947536821948028,0.895785,0.0
results-selected-9.05,gemma3_4b_20260509_171752.jsonl,gemma3:4b,25,20,0.8957200000000001,0.09481005165454158,0.0,0.0,30890.15,38620.79000000001,26931.25,0.1254133692624827,4096,129,0.9036212402650826,1.1165002692437391,20.0,0.8957200000000001,0.09481005165454158,0.8957200000000001,0.0
results-selected-9.05,gemma3_4b_20260509_171752.jsonl,gemma3:4b,26,20,0.895735,0.09474754975307029,0.0,0.0,31028.35,38357.240000000005,26958.75,0.10048578870691402,4096,145,0.9378531636088208,1.0928056600556189,20.0,0.895735,0.09474754975307029,0.895735,0.0
results-selected-9.05,gemma3_4b_20260509_171752.jsonl,gemma3:4b,27,20,0.89374,0.09388871576163148,0.0,0.0,30946.0,38591.810000000005,26912.65,0.2860877141434819,4096,159,0.9705460134932608,1.0647786678999516,20.0,0.89374,0.09388871576163148,0.89374,0.0
results-selected-9.05,gemma3_4b_20260509_171752.jsonl,gemma3:4b,28,20,0.890855,0.09333789479768198,0.0,0.0,31543.75,41287.990000000005,27414.65,0.15482867605248066,2048,127,0.8824947444363405,1.1347193249255882,20.0,0.890855,0.09333789479768198,0.890855,0.0
results-selected-9.05,gemma3_4b_20260509_171752.jsonl,gemma3:4b,29,20,0.8956250000000001,0.0954960945743195,0.0,0.0,31328.9,41188.18,27433.0,0.32277447015288396,4096,135,0.9392393473003989,1.149816746641361,20.0,0.8956250000000001,0.0954960945743195,0.8956250000000001,0.0
results-selected-9.05,gemma3_4b_20260509_171752.jsonl,gemma3:4b,30,20,0.8528650000000001,0.22238983854815328,0.05,0.0,30888.95,38321.24,26989.800000000003,0.38630074974922657,4096,79,0.9683564510615408,1.1223683775466116,19.0,0.8977526315789475,0.09832648771889753,0.8528650000000001,0.0
results-selected-9.05,llama3_2_3b_20260510_024924.jsonl,llama3.2:3b,1,20,0.70231,0.3775285278868619,0.2,0.0,26729.3,34997.95,23418.55,0.36217808319315375,1024,65,0.8296389588638785,1.0087125418252298,16.0,0.8778875,0.12697278382918653,0.7023100000000001,1.1102230246251565e-16
results-selected-9.05,llama3_2_3b_20260510_024924.jsonl,llama3.2:3b,2,20,0.703405,0.37593238540292967,0.2,0.0,28270.9,34766.74,23544.2,0.7063233020424546,2048,157,0.9581641017520801,1.0318508666017414,16.0,0.87925625,0.11868306236218662,0.7034050000000001,1.1102230246251565e-16
results-selected-9.05,llama3_2_3b_20260510_024924.jsonl,llama3.2:3b,3,20,0.74486,0.3448934257968608,0.15,0.0,29154.5,32895.44,23629.5,0.22727747704497045,4096,96,0.855333536637628,1.091777934208357,17.0,0.8763058823529412,0.13736412136447892,0.74486,0.0
results-selected-9.05,llama3_2_3b_20260510_024924.jsonl,llama3.2:3b,4,20,0.790105,0.2982197149665609,0.1,0.0,26323.0,32341.230000000003,22891.5,0.1976457024564293,4096,136,0.8379380186100884,1.0771351657620416,18.0,0.8778944444444444,0.13339622303596693,0.790105,0.0
results-selected-9.05,llama3_2_3b_20260510_024924.jsonl,llama3.2:3b,5,20,0.7442650000000001,0.34747822389172445,0.15,0.0,27712.449999999997,32307.360000000004,23547.6,0.5146901982034298,2048,55,0.9802882520781333,1.144844804961184,17.0,0.8756058823529412,0.1455663013483385,0.7442650000000001,0.0
results-selected-9.05,llama3_2_3b_20260510_024924.jsonl,llama3.2:3b,6,20,0.6961999999999999,0.37764900022166226,0.2,0.0,28282.050000000003,32215.88,23603.65,0.6658781436815229,4096,97,0.8231872646205081,1.0742765365166904,16.0,0.87025,0.13815073410349046,0.6962,1.1102230246251565e-16
results-selected-9.05,llama3_2_3b_20260510_024924.jsonl,llama3.2:3b,7,20,0.7893950000000001,0.29789531272261616,0.1,0.0,27657.35,32137.780000000006,23454.35,0.12407196478065288,1024,83,0.8988129240237841,1.082006541901492,18.0,0.8771055555555556,0.13313532466330122,0.7893950000000001,0.0
results-selected-9.05,llama3_2_3b_20260510_024924.jsonl,llama3.2:3b,8,20,0.697265,0.38048680076006786,0.2,0.0,28151.75,34590.990000000005,22696.300000000003,0.22939811886786896,1024,149,0.9136009959741062,1.1382811352534674,16.0,0.87158125,0.14600034346420787,0.697265,0.0
results-selected-9.05,llama3_2_3b_20260510_024924.jsonl,llama3.2:3b,9,20,0.740585,0.3444453516734893,0.15,0.0,28266.65,32252.120000000006,23671.45,0.16194475143634365,4096,91,0.8515563160370403,1.1243106263727893,17.0,0.8712764705882353,0.14107767155636186,0.740585,0.0
results-selected-9.05,llama3_2_3b_20260510_024924.jsonl,llama3.2:3b,10,20,0.7121649999999999,0.3856873608111545,0.2,0.0,26867.5,32288.520000000004,23563.75,0.34972732868551254,2048,138,0.8141646222991565,1.1480330404900776,16.0,0.89020625,0.13915102811334162,0.712165,1.1102230246251565e-16
results-selected-9.05,qwen2_5_3b_20260510_042903.jsonl,qwen2.5:3b,1,20,0.734415,0.3442955145541476,0.15,0.0,28223.85,36712.06,23909.6,0.36217808319315375,1024,65,0.8296389588638785,1.0087125418252298,17.0,0.8640176470588236,0.14760717815918595,0.734415,0.0
results-selected-9.05,qwen2_5_3b_20260510_042903.jsonl,qwen2.5:3b,2,20,0.73784,0.3472118637313383,0.15,0.0,30000.300000000003,36553.48,23661.9,0.7063233020424546,2048,157,0.9581641017520801,1.0318508666017414,17.0,0.8680470588235294,0.15188934342823007,0.7378399999999999,1.1102230246251565e-16
results-selected-9.05,qwen2_5_3b_20260510_042903.jsonl,qwen2.5:3b,3,20,0.70539,0.37670939085440225,0.2,0.0,30483.65,37261.659999999996,23660.75,0.22727747704497045,4096,96,0.855333536637628,1.091777934208357,16.0,0.8817375,0.11787396588447059,0.70539,0.0
results-selected-9.05,qwen2_5_3b_20260510_042903.jsonl,qwen2.5:3b,4,20,0.6538999999999999,0.4098060260017761,0.25,0.0,30296.6,36930.54,23391.25,0.1976457024564293,4096,136,0.8379380186100884,1.0771351657620416,15.0,0.8718666666666667,0.15590989461254612,0.6539,1.1102230246251565e-16
results-selected-9.05,qwen2_5_3b_20260510_042903.jsonl,qwen2.5:3b,5,20,0.749055,0.3336249966575299,0.15,0.0,27615.95,37671.3,23686.9,0.5146901982034298,2048,55,0.9802882520781333,1.144844804961184,17.0,0.8812411764705882,0.09168996713670155,0.7490549999999999,1.1102230246251565e-16
results-selected-9.05,qwen2_5_3b_20260510_042903.jsonl,qwen2.5:3b,6,20,0.6982999999999999,0.3795176287424812,0.2,0.0,29839.95,34751.31,23697.35,0.6658781436815229,4096,97,0.8231872646205081,1.0742765365166904,16.0,0.872875,0.1410731559629022,0.6983,1.1102230246251565e-16
results-selected-9.05,qwen2_5_3b_20260510_042903.jsonl,qwen2.5:3b,7,20,0.648515,0.4067141467069703,0.25,0.0,30186.95,34799.1,23655.7,0.12407196478065288,1024,83,0.8988129240237841,1.082006541901492,15.0,0.8646866666666667,0.15563239135249207,0.6485150000000001,1.1102230246251565e-16
results-selected-9.05,qwen2_5_3b_20260510_042903.jsonl,qwen2.5:3b,8,20,0.66661,0.40852720440240226,0.25,0.0,30423.6,37430.649999999994,23256.949999999997,0.22939811886786896,1024,149,0.9136009959741062,1.1382811352534674,15.0,0.8888133333333333,0.1220467642613546,0.66661,0.0
results-selected-9.05,qwen2_5_3b_20260510_042903.jsonl,qwen2.5:3b,9,20,0.66075,0.40481279038977747,0.25,0.0,30060.199999999997,35588.89000000001,23753.050000000003,0.16194475143634365,4096,91,0.8515563160370403,1.1243106263727893,15.0,0.881,0.12041320525590206,0.66075,0.0
results-selected-9.05,qwen2_5_3b_20260510_042903.jsonl,qwen2.5:3b,10,20,0.7118599999999999,0.37630527277170783,0.2,0.0,30373.15,41376.270000000004,23619.4,0.34972732868551254,2048,138,0.8141646222991565,1.1480330404900776,16.0,0.889825,0.10223639599803325,0.71186,1.1102230246251565e-16
results-throttling,gemma2_2b_20260425_222712.jsonl,gemma2:2b,1,20,0.65343,0.3583155520516871,0.2,0.0,35206.75,44158.12,,0.36217808319315375,1024,65,0.8296389588638785,1.0087125418252298,16.0,0.8167875,0.14249136523546496,0.6534300000000001,1.1102230246251565e-16
results-throttling,gemma2_2b_20260425_222712.jsonl,gemma2:2b,2,20,0.69872,0.3219001636663471,0.15,0.0,38992.55,48693.14,,0.7063233020424546,2048,157,0.9581641017520801,1.0318508666017414,17.0,0.8220235294117648,0.12391573512578906,0.6987200000000001,1.1102230246251565e-16
results-throttling,gemma2_2b_20260425_222712.jsonl,gemma2:2b,3,20,0.707995,0.32033860453063034,0.15,0.0,38960.95,47021.82,,0.22727747704497045,4096,96,0.855333536637628,1.091777934208357,17.0,0.8329352941176471,0.10623603991334857,0.707995,0.0
results-throttling,gemma2_2b_20260425_222712.jsonl,gemma2:2b,4,20,0.66591,0.3565126909972564,0.2,0.05,38167.1,49298.740000000005,,0.1976457024564293,4096,136,0.8379380186100884,1.0771351657620416,16.0,0.8323875000000001,0.11481696666143616,0.6659100000000001,1.1102230246251565e-16
results-throttling,gemma2_2b_20260425_222712.jsonl,gemma2:2b,5,20,0.73976,0.2713814452797119,0.1,0.0,37655.35,46972.47000000001,,0.5146901982034298,2048,55,0.9802882520781333,1.144844804961184,18.0,0.8219555555555556,0.10381267191279306,0.73976,0.0
results-throttling,gemma3_4b_20260425_233113.jsonl,gemma3:4b,1,20,0.4255,0.439227491709802,0.5,0.5,59694.35,60000.0,,0.36217808319315375,1024,65,0.8296389588638785,1.0087125418252298,10.0,0.851,0.07030884249746497,0.4255,0.0
results-throttling,gemma3_4b_20260425_233113.jsonl,gemma3:4b,2,20,0.5575,0.4227712458479047,0.35,0.35,56569.75,60000.0,,0.7063233020424546,2048,157,0.9581641017520801,1.0318508666017414,13.0,0.8576923076923078,0.06379052256590138,0.5575000000000001,1.1102230246251565e-16
results-throttling,gemma3_4b_20260425_233113.jsonl,gemma3:4b,3,20,0.47050000000000003,0.4394431284681725,0.45,0.45,59222.65,60000.0,,0.22727747704497045,4096,96,0.855333536637628,1.091777934208357,11.0,0.8554545454545455,0.06831744087180615,0.47050000000000003,0.0
results-throttling,gemma3_4b_20260425_233113.jsonl,gemma3:4b,4,20,0.5595,0.4242699612275185,0.35,0.35,55839.7,60000.0,,0.1976457024564293,4096,136,0.8379380186100884,1.0771351657620416,13.0,0.8607692307692307,0.06383070557622701,0.5595,0.0
results-throttling,gemma3_4b_20260425_233113.jsonl,gemma3:4b,5,20,0.47000000000000003,0.4389341156651381,0.45,0.45,58402.2,60000.0,,0.5146901982034298,2048,55,0.9802882520781333,1.144844804961184,11.0,0.8545454545454546,0.06772940814205251,0.4700000000000001,5.551115123125783e-17
results-throttling,llama3_2_3b_20260426_010208.jsonl,llama3.2:3b,1,20,0.585,0.40268179941356597,0.3,0.15,49799.55,60000.0,,0.36217808319315375,1024,65,0.8296389588638785,1.0087125418252298,14.0,0.8357142857142856,0.10653380003290296,0.5849999999999999,1.1102230246251565e-16
results-throttling,llama3_2_3b_20260426_010208.jsonl,llama3.2:3b,2,20,0.58975,0.4051136130441486,0.3,0.1,49198.8,58821.54,,0.7063233020424546,2048,157,0.9581641017520801,1.0318508666017414,14.0,0.8425,0.10267105801464285,0.58975,0.0
results-throttling,llama3_2_3b_20260426_010208.jsonl,llama3.2:3b,3,20,0.5895,0.40876547129902724,0.3,0.1,50851.05,59078.04,,0.22727747704497045,4096,96,0.855333536637628,1.091777934208357,14.0,0.8421428571428572,0.12279930915795226,0.5895,0.0
results-throttling,llama3_2_3b_20260426_010208.jsonl,llama3.2:3b,4,20,0.6345,0.3892702349133231,0.25,0.1,48382.4,58617.060000000005,,0.1976457024564293,4096,136,0.8379380186100884,1.0771351657620416,15.0,0.846,0.11806777714516355,0.6345,0.0
results-throttling,llama3_2_3b_20260426_010208.jsonl,llama3.2:3b,5,20,0.5465,0.42337335768798684,0.35,0.1,51614.5,58648.38,,0.5146901982034298,2048,55,0.9802882520781333,1.144844804961184,13.0,0.8407692307692307,0.12559601496209574,0.5465,0.0
results-throttling,phi3_5_20260426_034910.jsonl,phi3.5,1,20,0.032,0.14310835055998655,0.95,0.9,60000.0,60000.0,,0.36217808319315375,1024,65,0.8296389588638785,1.0087125418252298,1.0,0.64,,0.03200000000000003,2.7755575615628914e-17
results-throttling,phi3_5_20260426_034910.jsonl,phi3.5,2,20,0.0315,0.14087228258248677,0.95,0.95,60000.0,60000.0,,0.7063233020424546,2048,157,0.9581641017520801,1.0318508666017414,1.0,0.63,,0.03150000000000003,2.7755575615628914e-17
results-throttling,phi3_5_20260426_034910.jsonl,phi3.5,3,20,0.026500000000000003,0.11851160280748887,0.95,0.9,60000.0,60000.0,,0.22727747704497045,4096,96,0.855333536637628,1.091777934208357,1.0,0.53,,0.026500000000000024,2.0816681711721685e-17
results-throttling,phi3_5_20260426_034910.jsonl,phi3.5,4,20,0.028999999999999998,0.1296919426949878,0.95,0.95,60000.0,60000.0,,0.1976457024564293,4096,136,0.8379380186100884,1.0771351657620416,1.0,0.58,,0.029000000000000022,2.42861286636753e-17
results-throttling,phi3_5_20260426_034910.jsonl,phi3.5,5,20,0.0,0.0,1.0,0.95,60000.0,60000.0,,0.5146901982034298,2048,55,0.9802882520781333,1.144844804961184,,,,,
results-throttling,qwen2_5_3b_20260426_022336.jsonl,qwen2.5:3b,1,20,0.5235000000000001,0.4409233732210526,0.4,0.25,52087.3,60000.0,,0.36217808319315375,1024,65,0.8296389588638785,1.0087125418252298,12.0,0.8725,0.060170213107936965,0.5235,1.1102230246251565e-16
results-throttling,qwen2_5_3b_20260426_022336.jsonl,qwen2.5:3b,2,20,0.6075,0.411785265961712,0.3,0.25,53295.649999999994,60000.0,,0.7063233020424546,2048,157,0.9581641017520801,1.0318508666017414,14.0,0.8678571428571429,0.06704517093016431,0.6074999999999999,1.1102230246251565e-16
results-throttling,qwen2_5_3b_20260426_022336.jsonl,qwen2.5:3b,3,20,0.5245,0.44158178595160663,0.4,0.2,53711.75,60000.0,,0.22727747704497045,4096,96,0.855333536637628,1.091777934208357,12.0,0.8741666666666666,0.0579118975581692,0.5245,0.0
results-throttling,qwen2_5_3b_20260426_022336.jsonl,qwen2.5:3b,4,20,0.528,0.44444643274409057,0.4,0.2,53332.5,60000.0,,0.1976457024564293,4096,136,0.8379380186100884,1.0771351657620416,12.0,0.88,0.057207755354735566,0.528,0.0
results-throttling,qwen2_5_3b_20260426_022336.jsonl,qwen2.5:3b,5,20,0.55175,0.41920750734036993,0.35,0.2,49309.05,60000.0,,0.5146901982034298,2048,55,0.9802882520781333,1.144844804961184,13.0,0.8488461538461538,0.07100920850359968,0.55175,0.0
